Condition,File,Label,IoU
original,image_10.jpg,Raam,0.4485
original,image_10.jpg,Raam,0.5822
original,image_10.jpg,Zonnepaneel,0.8537
original,image_10.jpg,Raam,0.5233
original,image_103.jpg,Raam,0.7358
original,image_103.jpg,Raam,0.5735
original,image_103.jpg,Deur,0.736
original,image_103.jpg,Raam,0.4232
original,image_103.jpg,Raam,0.3441
original,image_103.jpg,Raam,0.7409
original,image_103.jpg,Raam,0.6185
original,image_103.jpg,Raam,0.7577
original,image_103.jpg,Deur,0.7685
original,image_103.jpg,Raam,0.6065
original,image_103.jpg,Raam,0.5488
original,image_103.jpg,Raam,0.8882
original,image_103.jpg,Raam,0.6022
original,image_103.jpg,Raam,0.7677
original,image_104.jpg,Deur,0.546
original,image_104.jpg,Deur,0.3161
original,image_104.jpg,Deur,0.5616
original,image_104.jpg,Raam,0.8814
original,image_104.jpg,Raam,0.3428
original,image_104.jpg,Raam,0.8725
original,image_105.jpg,Deur,0.9237
original,image_105.jpg,Raam,0.7007
original,image_105.jpg,Raam,0.8497
original,image_107.jpg,Deur,0.8594
original,image_107.jpg,Raam,0.7045
original,image_107.jpg,Raam,0.7639
original,image_107.jpg,Raam,0.7894
original,image_109.jpg,Raam,0.3721
original,image_109.jpg,Deur,0.4368
original,image_109.jpg,Raam,0.9261
original,image_109.jpg,Deur,0.4836
original,image_109.jpg,Deur,0.6099
original,image_109.jpg,Deur,0.8991
original,image_110.jpg,Raam,0.3049
original,image_110.jpg,Raam,0.3825
original,image_110.jpg,Raam,0.3917
original,image_110.jpg,Raam,0.4902
original,image_110.jpg,Raam,0.3533
original,image_110.jpg,Raam,0.3644
original,image_110.jpg,Raam,0.3466
original,image_110.jpg,Raam,0.5953
original,image_110.jpg,Raam,0.8905
original,image_110.jpg,Raam,0.5029
original,image_110.jpg,Raam,0.5198
original,image_110.jpg,Raam,0.3347
original,image_110.jpg,Deur,0.8863
original,image_110.jpg,Raam,0.7202
original,image_111.jpg,Raam,0.3157
original,image_111.jpg,Raam,0.9486
original,image_111.jpg,Raam,0.8606
original,image_111.jpg,Raam,0.9431
original,image_111.jpg,Raam,0.3875
original,image_111.jpg,Deur,0.9087
original,image_111.jpg,Raam,0.8704
original,image_111.jpg,Raam,0.9142
original,image_111.jpg,Raam,0.8495
original,image_111.jpg,Raam,0.8324
original,image_112.jpg,Raam,0.3952
original,image_112.jpg,Raam,0.3095
original,image_112.jpg,Raam,0.8952
original,image_112.jpg,Deur,0.9092
original,image_112.jpg,Raam,0.4229
original,image_113.jpg,Raam,0.9512
original,image_113.jpg,Raam,0.9047
original,image_113.jpg,Deur,0.8394
original,image_113.jpg,Raam,0.5251
original,image_113.jpg,Raam,0.9632
original,image_113.jpg,Raam,0.8117
original,image_113.jpg,Raam,0.8593
original,image_113.jpg,Raam,0.9446
original,image_114.jpg,Raam,0.5154
original,image_114.jpg,Deur,0.8736
original,image_114.jpg,Raam,0.3558
original,image_114.jpg,Deur,0.8499
original,image_114.jpg,Raam,0.37
original,image_114.jpg,Raam,0.3641
original,image_114.jpg,Raam,0.383
original,image_114.jpg,Raam,0.3662
original,image_114.jpg,Raam,0.762
original,image_114.jpg,Raam,0.5445
original,image_123.jpg,Raam,0.6318
original,image_123.jpg,Deur,0.7154
original,image_123.jpg,Zonnepaneel,0.4341
original,image_123.jpg,Raam,0.8513
original,image_123.jpg,Raam,0.8289
original,image_123.jpg,Raam,0.764
original,image_123.jpg,Deur,0.4051
original,image_124.jpg,Raam,0.5322
original,image_124.jpg,Raam,0.4491
original,image_124.jpg,Raam,0.7043
original,image_124.jpg,Deur,0.7977
original,image_124.jpg,Raam,0.8596
original,image_124.jpg,Raam,0.8301
original,image_124.jpg,Raam,0.3256
original,image_124.jpg,Raam,0.7491
original,image_124.jpg,Deur,0.61
original,image_126.jpg,Deur,0.8575
original,image_126.jpg,Raam,0.6694
original,image_126.jpg,Raam,0.8183
original,image_126.jpg,Raam,0.7943
original,image_126.jpg,Raam,0.7911
original,image_126.jpg,Raam,0.7038
original,image_126.jpg,Raam,0.8011
original,image_126.jpg,Raam,0.6021
original,image_126.jpg,Raam,0.752
original,image_126.jpg,Raam,0.918
original,image_126.jpg,Raam,0.5784
original,image_126.jpg,Zonnepaneel,0.8474
original,image_126.jpg,Zonnepaneel,0.8124
original,image_126.jpg,Raam,0.7664
original,image_126.jpg,Raam,0.8686
original,image_126.jpg,Raam,0.8111
original,image_126.jpg,Raam,0.7275
original,image_126.jpg,Deur,0.6754
original,image_129.jpg,Raam,0.8476
original,image_129.jpg,Raam,0.8113
original,image_129.jpg,Raam,0.8726
original,image_129.jpg,Raam,0.3821
original,image_13.jpg,Raam,0.8484
original,image_13.jpg,Raam,0.3519
original,image_13.jpg,Raam,0.7458
original,image_130.jpg,Deur,0.9038
original,image_130.jpg,Raam,0.851
original,image_130.jpg,Deur,0.386
original,image_130.jpg,Raam,0.5014
original,image_130.jpg,Raam,0.3247
original,image_131.jpg,Raam,0.6755
original,image_131.jpg,Raam,0.5505
original,image_131.jpg,Deur,0.5012
original,image_131.jpg,Deur,0.684
original,image_131.jpg,Raam,0.3423
original,image_131.jpg,Deur,0.621
original,image_131.jpg,Raam,0.3599
original,image_131.jpg,Raam,0.6171
original,image_131.jpg,Raam,0.6444
original,image_131.jpg,Raam,0.4868
original,image_131.jpg,Raam,0.3992
original,image_132.jpg,Deur,0.4064
original,image_132.jpg,Deur,0.3707
original,image_132.jpg,Deur,0.3559
original,image_132.jpg,Deur,0.3245
original,image_133.jpg,Raam,0.5065
original,image_133.jpg,Raam,0.3006
original,image_133.jpg,Raam,0.5563
original,image_133.jpg,Deur,0.3826
original,image_133.jpg,Deur,0.3164
original,image_133.jpg,Raam,0.3862
original,image_133.jpg,Raam,0.3025
original,image_135.jpg,Deur,0.5393
original,image_135.jpg,Raam,0.6197
original,image_135.jpg,Raam,0.6539
original,image_135.jpg,Raam,0.8201
original,image_136.jpg,Raam,0.3267
original,image_136.jpg,Raam,0.502
original,image_136.jpg,Raam,0.4065
original,image_136.jpg,Deur,0.3794
original,image_136.jpg,Deur,0.494
original,image_136.jpg,Raam,0.3929
original,image_136.jpg,Raam,0.552
original,image_137.jpg,Raam,0.3632
original,image_137.jpg,Raam,0.3713
original,image_137.jpg,Raam,0.4734
original,image_137.jpg,Raam,0.5886
original,image_138.jpg,Raam,0.4362
original,image_138.jpg,Raam,0.521
original,image_138.jpg,Raam,0.4461
original,image_138.jpg,Deur,0.5425
original,image_138.jpg,Raam,0.5915
original,image_138.jpg,Raam,0.7477
original,image_138.jpg,Raam,0.317
original,image_138.jpg,Raam,0.6607
original,image_138.jpg,Raam,0.758
original,image_139.jpg,Raam,0.4238
original,image_139.jpg,Raam,0.357
original,image_139.jpg,Raam,0.4132
original,image_139.jpg,Raam,0.4931
original,image_139.jpg,Raam,0.3791
original,image_139.jpg,Raam,0.5107
original,image_139.jpg,Raam,0.5756
original,image_139.jpg,Deur,0.4433
original,image_139.jpg,Deur,0.5588
original,image_139.jpg,Raam,0.348
original,image_139.jpg,Deur,0.4033
original,image_139.jpg,Raam,0.3325
original,image_14.jpg,Deur,0.8317
original,image_14.jpg,Deur,0.8717
original,image_14.jpg,Raam,0.7374
original,image_141.jpg,Raam,0.4634
original,image_141.jpg,Deur,0.4182
original,image_141.jpg,Raam,0.4451
original,image_141.jpg,Zonnepaneel,0.4213
original,image_146.jpg,Raam,0.4927
original,image_146.jpg,Deur,0.4513
original,image_146.jpg,Raam,0.3382
original,image_146.jpg,Raam,0.4924
original,image_146.jpg,Raam,0.4317
original,image_146.jpg,Raam,0.3099
original,image_146.jpg,Raam,0.556
original,image_146.jpg,Raam,0.5663
original,image_146.jpg,Raam,0.3283
original,image_146.jpg,Raam,0.5578
original,image_146.jpg,Raam,0.5706
original,image_147.jpg,Raam,0.3705
original,image_147.jpg,Raam,0.6424
original,image_147.jpg,Raam,0.3409
original,image_147.jpg,Zonnepaneel,0.3367
original,image_147.jpg,Zonnepaneel,0.6741
original,image_147.jpg,Zonnepaneel,0.6844
original,image_148.jpg,Raam,0.3154
original,image_148.jpg,Deur,0.4864
original,image_148.jpg,Raam,0.7386
original,image_148.jpg,Raam,0.5184
original,image_148.jpg,Deur,0.6145
original,image_148.jpg,Raam,0.4389
original,image_148.jpg,Deur,0.5327
original,image_148.jpg,Raam,0.5273
original,image_148.jpg,Raam,0.6686
original,image_148.jpg,Deur,0.7717
original,image_148.jpg,Deur,0.6942
original,image_15.jpg,Zonnepaneel,0.9276
original,image_15.jpg,Deur,0.7614
original,image_15.jpg,Raam,0.7986
original,image_15.jpg,Deur,0.4416
original,image_151.jpg,Raam,0.3921
original,image_156.jpg,Raam,0.6144
original,image_156.jpg,Raam,0.4706
original,image_156.jpg,Raam,0.3871
original,image_156.jpg,Raam,0.3734
original,image_157.jpg,Deur,0.6027
original,image_157.jpg,Deur,0.5535
original,image_157.jpg,Raam,0.4445
original,image_157.jpg,Raam,0.6725
original,image_157.jpg,Raam,0.5415
original,image_157.jpg,Raam,0.6251
original,image_157.jpg,Deur,0.6069
original,image_157.jpg,Deur,0.3721
original,image_157.jpg,Raam,0.3115
original,image_157.jpg,Raam,0.3769
original,image_157.jpg,Raam,0.5172
original,image_157.jpg,Raam,0.7485
original,image_157.jpg,Raam,0.6202
original,image_157.jpg,Raam,0.3458
original,image_158.jpg,Raam,0.3867
original,image_158.jpg,Raam,0.4772
original,image_158.jpg,Raam,0.5246
original,image_158.jpg,Raam,0.4827
original,image_158.jpg,Raam,0.3249
original,image_158.jpg,Raam,0.3589
original,image_158.jpg,Raam,0.3004
original,image_158.jpg,Raam,0.3075
original,image_158.jpg,Raam,0.5645
original,image_159.jpg,Deur,0.6381
original,image_159.jpg,Raam,0.6146
original,image_159.jpg,Raam,0.7051
original,image_159.jpg,Deur,0.5406
original,image_159.jpg,Raam,0.389
original,image_159.jpg,Raam,0.3853
original,image_159.jpg,Raam,0.3143
original,image_159.jpg,Raam,0.3161
original,image_159.jpg,Deur,0.4941
original,image_160.jpg,Raam,0.4981
original,image_160.jpg,Raam,0.3987
original,image_160.jpg,Raam,0.7423
original,image_160.jpg,Zonnepaneel,0.8025
original,image_160.jpg,Raam,0.4272
original,image_160.jpg,Raam,0.3065
original,image_160.jpg,Raam,0.3883
original,image_160.jpg,Raam,0.3857
original,image_160.jpg,Raam,0.4401
original,image_160.jpg,Raam,0.4862
original,image_160.jpg,Raam,0.4894
original,image_160.jpg,Raam,0.3736
original,image_160.jpg,Deur,0.3425
original,image_161.jpg,Raam,0.4808
original,image_161.jpg,Raam,0.3534
original,image_161.jpg,Raam,0.3003
original,image_161.jpg,Deur,0.5977
original,image_161.jpg,Deur,0.3051
original,image_161.jpg,Raam,0.7245
original,image_162.jpg,Raam,0.4977
original,image_162.jpg,Raam,0.4209
original,image_162.jpg,Raam,0.341
original,image_162.jpg,Raam,0.4627
original,image_165.jpg,Raam,0.52
original,image_165.jpg,Raam,0.5354
original,image_165.jpg,Deur,0.3935
original,image_165.jpg,Raam,0.3741
original,image_165.jpg,Raam,0.5368
original,image_165.jpg,Deur,0.8265
original,image_169.jpg,Raam,0.4872
original,image_169.jpg,Deur,0.4918
original,image_17.jpg,Raam,0.8182
original,image_17.jpg,Raam,0.5858
original,image_17.jpg,Raam,0.6921
original,image_17.jpg,Raam,0.9451
original,image_17.jpg,Raam,0.8769
original,image_17.jpg,Raam,0.3857
original,image_17.jpg,Raam,0.4609
original,image_17.jpg,Raam,0.523
original,image_17.jpg,Raam,0.4492
original,image_171.jpg,Raam,0.4098
original,image_171.jpg,Deur,0.4983
original,image_171.jpg,Zonnepaneel,0.6803
original,image_171.jpg,Raam,0.5654
original,image_171.jpg,Raam,0.5631
original,image_171.jpg,Raam,0.5225
original,image_171.jpg,Raam,0.4239
original,image_172.jpg,Raam,0.4788
original,image_172.jpg,Raam,0.4551
original,image_172.jpg,Raam,0.3675
original,image_172.jpg,Deur,0.517
original,image_174.jpg,Raam,0.4615
original,image_174.jpg,Raam,0.4383
original,image_174.jpg,Raam,0.4076
original,image_174.jpg,Deur,0.499
original,image_174.jpg,Raam,0.4971
original,image_174.jpg,Raam,0.4172
original,image_175.jpg,Raam,0.3152
original,image_175.jpg,Raam,0.3252
original,image_175.jpg,Raam,0.4499
original,image_175.jpg,Deur,0.3417
original,image_175.jpg,Deur,0.3903
original,image_176.jpg,Raam,0.5022
original,image_176.jpg,Raam,0.557
original,image_176.jpg,Raam,0.6062
original,image_176.jpg,Raam,0.5784
original,image_176.jpg,Deur,0.4948
original,image_176.jpg,Raam,0.5097
original,image_176.jpg,Raam,0.6609
original,image_176.jpg,Deur,0.3403
original,image_176.jpg,Raam,0.6494
original,image_176.jpg,Raam,0.3902
original,image_176.jpg,Raam,0.5759
original,image_176.jpg,Deur,0.5894
original,image_177.jpg,Raam,0.465
original,image_177.jpg,Deur,0.5144
original,image_177.jpg,Raam,0.4906
original,image_179.jpg,Raam,0.5183
original,image_179.jpg,Raam,0.4611
original,image_179.jpg,Raam,0.3685
original,image_179.jpg,Raam,0.4607
original,image_179.jpg,Raam,0.4314
original,image_18.jpg,Raam,0.351
original,image_18.jpg,Raam,0.3642
original,image_18.jpg,Raam,0.3865
original,image_18.jpg,Raam,0.6383
original,image_18.jpg,Raam,0.3098
original,image_18.jpg,Raam,0.7782
original,image_18.jpg,Raam,0.766
original,image_18.jpg,Raam,0.4764
original,image_18.jpg,Raam,0.5915
original,image_180.jpg,Raam,0.3115
original,image_180.jpg,Zonnepaneel,0.8578
original,image_180.jpg,Raam,0.6817
original,image_180.jpg,Raam,0.4263
original,image_180.jpg,Raam,0.314
original,image_180.jpg,Raam,0.5315
original,image_180.jpg,Raam,0.6767
original,image_180.jpg,Raam,0.5565
original,image_182.jpg,Raam,0.3521
original,image_182.jpg,Raam,0.4051
original,image_182.jpg,Deur,0.7437
original,image_182.jpg,Raam,0.378
original,image_182.jpg,Raam,0.408
original,image_182.jpg,Deur,0.5853
original,image_182.jpg,Raam,0.3603
original,image_182.jpg,Raam,0.6789
original,image_182.jpg,Deur,0.3397
original,image_182.jpg,Raam,0.4278
original,image_182.jpg,Raam,0.5387
original,image_182.jpg,Raam,0.5746
original,image_183.jpg,Raam,0.5654
original,image_183.jpg,Raam,0.4447
original,image_183.jpg,Raam,0.4319
original,image_183.jpg,Raam,0.5829
original,image_183.jpg,Raam,0.4047
original,image_183.jpg,Raam,0.3066
original,image_183.jpg,Raam,0.5875
original,image_183.jpg,Raam,0.6655
original,image_183.jpg,Deur,0.332
original,image_184.jpg,Zonnepaneel,0.7624
original,image_184.jpg,Zonnepaneel,0.7678
original,image_184.jpg,Raam,0.4664
original,image_184.jpg,Raam,0.6125
original,image_185.jpg,Raam,0.5808
original,image_185.jpg,Zonnepaneel,0.7346
original,image_185.jpg,Zonnepaneel,0.545
original,image_185.jpg,Deur,0.481
original,image_187.jpg,Raam,0.6427
original,image_187.jpg,Raam,0.5608
original,image_187.jpg,Raam,0.5636
original,image_187.jpg,Raam,0.3285
original,image_187.jpg,Deur,0.615
original,image_187.jpg,Deur,0.5401
original,image_187.jpg,Raam,0.5532
original,image_187.jpg,Raam,0.3091
original,image_187.jpg,Raam,0.4454
original,image_187.jpg,Raam,0.4716
original,image_187.jpg,Raam,0.4258
original,image_19.jpg,Raam,0.7672
original,image_19.jpg,Deur,0.6612
original,image_191.jpg,Raam,0.3571
original,image_191.jpg,Raam,0.3264
original,image_191.jpg,Raam,0.4848
original,image_193.jpg,Raam,0.7605
original,image_193.jpg,Raam,0.4313
original,image_193.jpg,Raam,0.6097
original,image_193.jpg,Raam,0.4494
original,image_193.jpg,Raam,0.7355
original,image_193.jpg,Raam,0.5374
original,image_193.jpg,Raam,0.386
original,image_193.jpg,Raam,0.4506
original,image_193.jpg,Deur,0.7514
original,image_193.jpg,Raam,0.4326
original,image_193.jpg,Deur,0.441
original,image_193.jpg,Raam,0.6317
original,image_193.jpg,Raam,0.4509
original,image_195.jpg,Deur,0.6614
original,image_195.jpg,Raam,0.6533
original,image_195.jpg,Raam,0.5648
original,image_195.jpg,Deur,0.7289
original,image_195.jpg,Raam,0.5188
original,image_195.jpg,Deur,0.6972
original,image_195.jpg,Raam,0.5009
original,image_195.jpg,Raam,0.5737
original,image_195.jpg,Deur,0.6405
original,image_195.jpg,Raam,0.5071
original,image_195.jpg,Raam,0.6947
original,image_195.jpg,Raam,0.5955
original,image_195.jpg,Raam,0.5495
original,image_197.jpg,Raam,0.3131
original,image_197.jpg,Raam,0.3046
original,image_197.jpg,Raam,0.3228
original,image_197.jpg,Raam,0.5191
original,image_197.jpg,Deur,0.6756
original,image_197.jpg,Raam,0.3716
original,image_197.jpg,Raam,0.3322
original,image_197.jpg,Raam,0.4549
original,image_197.jpg,Deur,0.4215
original,image_197.jpg,Raam,0.5606
original,image_198.jpg,Raam,0.5104
original,image_198.jpg,Raam,0.4964
original,image_198.jpg,Raam,0.7712
original,image_198.jpg,Raam,0.765
original,image_198.jpg,Raam,0.5357
original,image_200.jpg,Deur,0.3177
original,image_200.jpg,Raam,0.5505
original,image_200.jpg,Raam,0.5405
original,image_200.jpg,Raam,0.3006
original,image_200.jpg,Raam,0.6965
original,image_200.jpg,Raam,0.3276
original,image_201.jpg,Raam,0.3935
original,image_201.jpg,Raam,0.5702
original,image_201.jpg,Raam,0.4947
original,image_201.jpg,Raam,0.3422
original,image_201.jpg,Raam,0.4228
original,image_201.jpg,Raam,0.4828
original,image_201.jpg,Raam,0.346
original,image_201.jpg,Raam,0.5173
original,image_201.jpg,Raam,0.3759
original,image_201.jpg,Raam,0.4739
original,image_201.jpg,Raam,0.3462
original,image_201.jpg,Raam,0.5906
original,image_201.jpg,Raam,0.3554
original,image_201.jpg,Deur,0.6316
original,image_201.jpg,Raam,0.5402
original,image_201.jpg,Raam,0.6002
original,image_201.jpg,Raam,0.5055
original,image_202.jpg,Raam,0.5927
original,image_202.jpg,Raam,0.4211
original,image_202.jpg,Deur,0.547
original,image_202.jpg,Deur,0.614
original,image_202.jpg,Raam,0.4164
original,image_202.jpg,Raam,0.6945
original,image_202.jpg,Raam,0.3103
original,image_202.jpg,Raam,0.4842
original,image_204.jpg,Deur,0.3558
original,image_204.jpg,Raam,0.4692
original,image_206.jpg,Raam,0.6527
original,image_206.jpg,Deur,0.4576
original,image_206.jpg,Deur,0.5507
original,image_206.jpg,Deur,0.5028
original,image_206.jpg,Raam,0.4498
original,image_206.jpg,Raam,0.5152
original,image_206.jpg,Deur,0.5949
original,image_206.jpg,Deur,0.5152
original,image_206.jpg,Raam,0.4942
original,image_206.jpg,Raam,0.4653
original,image_206.jpg,Raam,0.3735
original,image_206.jpg,Raam,0.3375
original,image_206.jpg,Raam,0.4505
original,image_206.jpg,Raam,0.3622
original,image_207.jpg,Deur,0.3342
original,image_207.jpg,Deur,0.3133
original,image_207.jpg,Raam,0.3631
original,image_207.jpg,Raam,0.3167
original,image_208.jpg,Raam,0.4266
original,image_208.jpg,Deur,0.5133
original,image_208.jpg,Raam,0.4435
original,image_208.jpg,Raam,0.3763
original,image_208.jpg,Raam,0.6908
original,image_208.jpg,Raam,0.5496
original,image_208.jpg,Raam,0.3461
original,image_209.jpg,Zonnepaneel,0.3155
original,image_209.jpg,Deur,0.628
original,image_209.jpg,Raam,0.5938
original,image_209.jpg,Raam,0.5055
original,image_209.jpg,Raam,0.4965
original,image_209.jpg,Deur,0.5666
original,image_210.jpg,Zonnepaneel,0.8493
original,image_210.jpg,Zonnepaneel,0.7299
original,image_210.jpg,Zonnepaneel,0.6853
original,image_210.jpg,Raam,0.5187
original,image_213.jpg,Raam,0.4197
original,image_213.jpg,Raam,0.3394
original,image_213.jpg,Deur,0.4409
original,image_213.jpg,Raam,0.6141
original,image_214.jpg,Deur,0.7093
original,image_214.jpg,Raam,0.6439
original,image_214.jpg,Raam,0.3061
original,image_214.jpg,Raam,0.3947
original,image_214.jpg,Deur,0.3092
original,image_214.jpg,Raam,0.7158
original,image_214.jpg,Raam,0.659
original,image_214.jpg,Raam,0.3558
original,image_214.jpg,Deur,0.3212
original,image_216.jpg,Deur,0.7266
original,image_216.jpg,Raam,0.3415
original,image_216.jpg,Zonnepaneel,0.6581
original,image_216.jpg,Deur,0.4668
original,image_216.jpg,Raam,0.4588
original,image_216.jpg,Deur,0.6191
original,image_216.jpg,Raam,0.4371
original,image_217.jpg,Raam,0.4696
original,image_217.jpg,Raam,0.3886
original,image_217.jpg,Raam,0.3335
original,image_217.jpg,Raam,0.3252
original,image_217.jpg,Raam,0.5921
original,image_218.jpg,Raam,0.6385
original,image_218.jpg,Raam,0.375
original,image_218.jpg,Raam,0.4084
original,image_218.jpg,Raam,0.4307
original,image_218.jpg,Raam,0.5896
original,image_218.jpg,Raam,0.4853
original,image_218.jpg,Raam,0.3533
original,image_218.jpg,Raam,0.5159
original,image_218.jpg,Deur,0.4624
original,image_218.jpg,Deur,0.665
original,image_218.jpg,Deur,0.3824
original,image_218.jpg,Raam,0.4403
original,image_218.jpg,Raam,0.5424
original,image_218.jpg,Raam,0.4429
original,image_218.jpg,Raam,0.3541
original,image_221.jpg,Raam,0.4274
original,image_221.jpg,Raam,0.4465
original,image_221.jpg,Raam,0.6575
original,image_221.jpg,Raam,0.6444
original,image_221.jpg,Deur,0.4298
original,image_221.jpg,Raam,0.395
original,image_221.jpg,Deur,0.3257
original,image_222.jpg,Raam,0.4464
original,image_222.jpg,Deur,0.3528
original,image_222.jpg,Deur,0.6093
original,image_222.jpg,Raam,0.5561
original,image_223.jpg,Raam,0.3012
original,image_223.jpg,Raam,0.3047
original,image_223.jpg,Raam,0.375
original,image_223.jpg,Raam,0.4161
original,image_223.jpg,Raam,0.3986
original,image_223.jpg,Raam,0.4949
original,image_223.jpg,Raam,0.5871
original,image_226.jpg,Raam,0.636
original,image_226.jpg,Raam,0.5477
original,image_226.jpg,Raam,0.5491
original,image_226.jpg,Raam,0.3532
original,image_226.jpg,Deur,0.4499
original,image_226.jpg,Raam,0.5897
original,image_226.jpg,Deur,0.5629
original,image_226.jpg,Raam,0.4172
original,image_226.jpg,Deur,0.6215
original,image_226.jpg,Raam,0.5955
original,image_226.jpg,Deur,0.6339
original,image_226.jpg,Raam,0.6043
original,image_226.jpg,Raam,0.4687
original,image_226.jpg,Raam,0.6639
original,image_226.jpg,Raam,0.7133
original,image_226.jpg,Raam,0.3026
original,image_227.jpg,Zonnepaneel,0.6271
original,image_227.jpg,Raam,0.3369
original,image_227.jpg,Deur,0.6625
original,image_227.jpg,Raam,0.4043
original,image_227.jpg,Zonnepaneel,0.6909
original,image_228.jpg,Raam,0.5356
original,image_23.jpg,Deur,0.7998
original,image_23.jpg,Raam,0.8086
original,image_23.jpg,Raam,0.7276
original,image_23.jpg,Raam,0.8133
original,image_23.jpg,Raam,0.9259
original,image_23.jpg,Raam,0.8034
original,image_23.jpg,Raam,0.8165
original,image_231.jpg,Raam,0.3199
original,image_231.jpg,Deur,0.7304
original,image_231.jpg,Raam,0.646
original,image_232.jpg,Raam,0.4278
original,image_232.jpg,Raam,0.6083
original,image_232.jpg,Raam,0.437
original,image_232.jpg,Raam,0.3628
original,image_232.jpg,Raam,0.3421
original,image_232.jpg,Zonnepaneel,0.395
original,image_232.jpg,Deur,0.4008
original,image_234.jpg,Raam,0.5451
original,image_234.jpg,Raam,0.3463
original,image_234.jpg,Raam,0.3544
original,image_234.jpg,Deur,0.383
original,image_234.jpg,Raam,0.4412
original,image_234.jpg,Zonnepaneel,0.5996
original,image_234.jpg,Raam,0.343
original,image_234.jpg,Raam,0.3871
original,image_234.jpg,Raam,0.4882
original,image_234.jpg,Deur,0.6214
original,image_234.jpg,Raam,0.3484
original,image_234.jpg,Deur,0.4851
original,image_234.jpg,Raam,0.4373
original,image_235.jpg,Raam,0.842
original,image_235.jpg,Raam,0.3699
original,image_235.jpg,Raam,0.3722
original,image_235.jpg,Deur,0.3498
original,image_235.jpg,Raam,0.3738
original,image_235.jpg,Raam,0.658
original,image_235.jpg,Deur,0.4327
original,image_235.jpg,Raam,0.4427
original,image_235.jpg,Raam,0.336
original,image_235.jpg,Raam,0.3911
original,image_235.jpg,Raam,0.3559
original,image_236.jpg,Raam,0.4612
original,image_236.jpg,Raam,0.3875
original,image_236.jpg,Raam,0.3546
original,image_236.jpg,Deur,0.4075
original,image_237.jpg,Raam,0.338
original,image_237.jpg,Raam,0.4976
original,image_237.jpg,Raam,0.5849
original,image_237.jpg,Raam,0.3211
original,image_237.jpg,Raam,0.4083
original,image_238.jpg,Raam,0.3598
original,image_239.jpg,Raam,0.4053
original,image_239.jpg,Raam,0.4243
original,image_239.jpg,Raam,0.4676
original,image_24.jpg,Raam,0.5157
original,image_24.jpg,Raam,0.7308
original,image_24.jpg,Raam,0.4802
original,image_24.jpg,Raam,0.6327
original,image_24.jpg,Raam,0.4672
original,image_24.jpg,Deur,0.8115
original,image_24.jpg,Deur,0.7634
original,image_240.jpg,Raam,0.368
original,image_240.jpg,Raam,0.4046
original,image_240.jpg,Raam,0.3097
original,image_240.jpg,Deur,0.4604
original,image_240.jpg,Raam,0.4196
original,image_241.jpg,Raam,0.3167
original,image_241.jpg,Deur,0.7186
original,image_241.jpg,Raam,0.4375
original,image_241.jpg,Raam,0.348
original,image_241.jpg,Deur,0.3955
original,image_241.jpg,Zonnepaneel,0.8119
original,image_241.jpg,Raam,0.4367
original,image_243.jpg,Raam,0.7408
original,image_243.jpg,Raam,0.6486
original,image_243.jpg,Zonnepaneel,0.6238
original,image_243.jpg,Deur,0.5094
original,image_243.jpg,Raam,0.3285
original,image_243.jpg,Raam,0.6311
original,image_245.jpg,Raam,0.8664
original,image_245.jpg,Raam,0.6314
original,image_245.jpg,Raam,0.5542
original,image_245.jpg,Raam,0.5623
original,image_245.jpg,Raam,0.6802
original,image_245.jpg,Zonnepaneel,0.3167
original,image_246.jpg,Raam,0.5657
original,image_246.jpg,Raam,0.4591
original,image_246.jpg,Raam,0.3081
original,image_246.jpg,Raam,0.4
original,image_246.jpg,Zonnepaneel,0.804
original,image_246.jpg,Raam,0.6744
original,image_246.jpg,Deur,0.4481
original,image_246.jpg,Raam,0.4439
original,image_249.jpg,Raam,0.5322
original,image_249.jpg,Raam,0.6689
original,image_249.jpg,Raam,0.5115
original,image_249.jpg,Raam,0.4944
original,image_249.jpg,Raam,0.3747
original,image_249.jpg,Deur,0.4014
original,image_249.jpg,Raam,0.3891
original,image_249.jpg,Raam,0.3855
original,image_249.jpg,Raam,0.3182
original,image_249.jpg,Raam,0.4675
original,image_249.jpg,Raam,0.4868
original,image_249.jpg,Raam,0.5807
original,image_249.jpg,Raam,0.3719
original,image_249.jpg,Raam,0.3533
original,image_249.jpg,Raam,0.5424
original,image_249.jpg,Raam,0.7516
original,image_25.jpg,Raam,0.8634
original,image_25.jpg,Raam,0.7267
original,image_25.jpg,Raam,0.5964
original,image_25.jpg,Raam,0.4099
original,image_25.jpg,Raam,0.5275
original,image_25.jpg,Deur,0.6551
original,image_25.jpg,Deur,0.6124
original,image_251.jpg,Raam,0.6866
original,image_251.jpg,Raam,0.5288
original,image_251.jpg,Raam,0.4339
original,image_251.jpg,Raam,0.5493
original,image_251.jpg,Raam,0.4366
original,image_251.jpg,Raam,0.4462
original,image_251.jpg,Raam,0.6753
original,image_251.jpg,Raam,0.4561
original,image_251.jpg,Raam,0.5384
original,image_251.jpg,Raam,0.6991
original,image_251.jpg,Raam,0.3196
original,image_251.jpg,Raam,0.5205
original,image_251.jpg,Raam,0.7699
original,image_251.jpg,Zonnepaneel,0.501
original,image_254.jpg,Raam,0.6516
original,image_254.jpg,Raam,0.6363
original,image_254.jpg,Raam,0.5753
original,image_254.jpg,Raam,0.5806
original,image_254.jpg,Raam,0.3864
original,image_255.jpg,Raam,0.5418
original,image_255.jpg,Deur,0.4836
original,image_255.jpg,Deur,0.4804
original,image_255.jpg,Deur,0.4962
original,image_255.jpg,Raam,0.4998
original,image_255.jpg,Raam,0.378
original,image_255.jpg,Raam,0.3152
original,image_255.jpg,Raam,0.3308
original,image_255.jpg,Raam,0.815
original,image_255.jpg,Deur,0.6747
original,image_255.jpg,Raam,0.3902
original,image_255.jpg,Raam,0.6559
original,image_255.jpg,Raam,0.5662
original,image_255.jpg,Raam,0.4463
original,image_257.jpg,Raam,0.463
original,image_257.jpg,Zonnepaneel,0.8443
original,image_257.jpg,Raam,0.6292
original,image_257.jpg,Raam,0.6094
original,image_257.jpg,Deur,0.3272
original,image_258.jpg,Deur,0.4086
original,image_258.jpg,Raam,0.4042
original,image_258.jpg,Deur,0.309
original,image_258.jpg,Raam,0.4978
original,image_258.jpg,Raam,0.5739
original,image_258.jpg,Raam,0.6921
original,image_26.jpg,Raam,0.784
original,image_26.jpg,Raam,0.7531
original,image_26.jpg,Deur,0.837
original,image_26.jpg,Raam,0.3047
original,image_261.jpg,Deur,0.7331
original,image_261.jpg,Raam,0.5908
original,image_261.jpg,Raam,0.6318
original,image_261.jpg,Raam,0.6344
original,image_262.jpg,Raam,0.4069
original,image_262.jpg,Raam,0.4163
original,image_262.jpg,Raam,0.3631
original,image_262.jpg,Raam,0.6302
original,image_262.jpg,Raam,0.3335
original,image_262.jpg,Raam,0.3324
original,image_263.jpg,Deur,0.5998
original,image_263.jpg,Raam,0.6492
original,image_263.jpg,Raam,0.6196
original,image_263.jpg,Raam,0.5443
original,image_263.jpg,Raam,0.6967
original,image_263.jpg,Raam,0.7213
original,image_263.jpg,Raam,0.3715
original,image_263.jpg,Raam,0.6327
original,image_263.jpg,Raam,0.5192
original,image_263.jpg,Raam,0.553
original,image_263.jpg,Raam,0.6323
original,image_263.jpg,Deur,0.5334
original,image_263.jpg,Raam,0.4151
original,image_263.jpg,Raam,0.5835
original,image_263.jpg,Raam,0.3289
original,image_263.jpg,Deur,0.4773
original,image_263.jpg,Raam,0.5712
original,image_264.jpg,Raam,0.369
original,image_264.jpg,Raam,0.4699
original,image_265.jpg,Raam,0.6566
original,image_265.jpg,Raam,0.6224
original,image_265.jpg,Raam,0.5761
original,image_265.jpg,Raam,0.4265
original,image_265.jpg,Zonnepaneel,0.3813
original,image_265.jpg,Raam,0.727
original,image_266.jpg,Raam,0.639
original,image_266.jpg,Raam,0.433
original,image_266.jpg,Raam,0.4223
original,image_266.jpg,Raam,0.6412
original,image_266.jpg,Raam,0.4771
original,image_266.jpg,Deur,0.4873
original,image_266.jpg,Raam,0.6155
original,image_266.jpg,Raam,0.6098
original,image_266.jpg,Raam,0.5999
original,image_266.jpg,Deur,0.4502
original,image_266.jpg,Raam,0.3274
original,image_267.jpg,Raam,0.6824
original,image_267.jpg,Deur,0.6263
original,image_267.jpg,Raam,0.6786
original,image_267.jpg,Raam,0.7453
original,image_267.jpg,Raam,0.444
original,image_267.jpg,Raam,0.3743
original,image_267.jpg,Raam,0.7657
original,image_267.jpg,Raam,0.7078
original,image_267.jpg,Deur,0.4568
original,image_267.jpg,Raam,0.4495
original,image_267.jpg,Raam,0.6914
original,image_267.jpg,Raam,0.7104
original,image_267.jpg,Deur,0.465
original,image_267.jpg,Raam,0.6001
original,image_267.jpg,Raam,0.7331
original,image_267.jpg,Raam,0.6142
original,image_267.jpg,Raam,0.7004
original,image_267.jpg,Raam,0.5464
original,image_268.jpg,Raam,0.7462
original,image_268.jpg,Raam,0.4741
original,image_268.jpg,Raam,0.4223
original,image_268.jpg,Raam,0.3082
original,image_268.jpg,Raam,0.3111
original,image_268.jpg,Deur,0.6481
original,image_268.jpg,Raam,0.3627
original,image_268.jpg,Raam,0.483
original,image_268.jpg,Raam,0.4081
original,image_268.jpg,Raam,0.3337
original,image_268.jpg,Raam,0.4573
original,image_27.jpg,Raam,0.3149
original,image_27.jpg,Raam,0.3956
original,image_27.jpg,Raam,0.6052
original,image_27.jpg,Raam,0.4235
original,image_27.jpg,Raam,0.4696
original,image_27.jpg,Raam,0.765
original,image_27.jpg,Deur,0.3486
original,image_27.jpg,Raam,0.5229
original,image_270.jpg,Raam,0.3806
original,image_270.jpg,Raam,0.3528
original,image_270.jpg,Raam,0.3721
original,image_270.jpg,Raam,0.398
original,image_270.jpg,Raam,0.5076
original,image_270.jpg,Raam,0.3787
original,image_270.jpg,Raam,0.5466
original,image_270.jpg,Deur,0.6148
original,image_270.jpg,Raam,0.5381
original,image_270.jpg,Deur,0.3131
original,image_271.jpg,Deur,0.3368
original,image_271.jpg,Raam,0.4955
original,image_271.jpg,Deur,0.5447
original,image_271.jpg,Raam,0.6224
original,image_271.jpg,Deur,0.3596
original,image_271.jpg,Raam,0.4189
original,image_271.jpg,Raam,0.8398
original,image_271.jpg,Raam,0.5
original,image_271.jpg,Raam,0.6214
original,image_272.jpg,Raam,0.5714
original,image_272.jpg,Raam,0.471
original,image_272.jpg,Raam,0.3588
original,image_273.jpg,Raam,0.3285
original,image_273.jpg,Raam,0.5517
original,image_273.jpg,Raam,0.4848
original,image_273.jpg,Raam,0.407
original,image_274.jpg,Raam,0.5132
original,image_274.jpg,Raam,0.4572
original,image_274.jpg,Zonnepaneel,0.6654
original,image_275.jpg,Raam,0.7061
original,image_275.jpg,Raam,0.6293
original,image_275.jpg,Raam,0.5187
original,image_275.jpg,Raam,0.5331
original,image_275.jpg,Raam,0.6532
original,image_275.jpg,Deur,0.4609
original,image_275.jpg,Raam,0.7687
original,image_275.jpg,Raam,0.5411
original,image_275.jpg,Deur,0.5491
original,image_275.jpg,Raam,0.6238
original,image_275.jpg,Raam,0.6595
original,image_275.jpg,Raam,0.3836
original,image_275.jpg,Raam,0.5903
original,image_275.jpg,Raam,0.6977
original,image_275.jpg,Raam,0.5476
original,image_275.jpg,Deur,0.565
original,image_275.jpg,Raam,0.418
original,image_276.jpg,Raam,0.5436
original,image_276.jpg,Raam,0.4022
original,image_276.jpg,Raam,0.703
original,image_276.jpg,Deur,0.3385
original,image_276.jpg,Raam,0.5391
original,image_276.jpg,Raam,0.6927
original,image_276.jpg,Raam,0.6022
original,image_276.jpg,Raam,0.449
original,image_278.jpg,Raam,0.7441
original,image_278.jpg,Deur,0.5526
original,image_278.jpg,Deur,0.4019
original,image_278.jpg,Raam,0.7741
original,image_279.jpg,Raam,0.6072
original,image_279.jpg,Raam,0.4949
original,image_279.jpg,Raam,0.4835
original,image_279.jpg,Raam,0.7967
original,image_279.jpg,Raam,0.5266
original,image_279.jpg,Raam,0.4899
original,image_279.jpg,Raam,0.4975
original,image_279.jpg,Raam,0.4959
original,image_279.jpg,Deur,0.7153
original,image_279.jpg,Raam,0.4753
original,image_279.jpg,Raam,0.7358
original,image_279.jpg,Raam,0.4961
original,image_279.jpg,Raam,0.7312
original,image_279.jpg,Raam,0.7075
original,image_279.jpg,Deur,0.5549
original,image_28.jpg,Zonnepaneel,0.9222
original,image_28.jpg,Raam,0.3844
original,image_28.jpg,Raam,0.4247
original,image_28.jpg,Raam,0.7609
original,image_28.jpg,Raam,0.8303
original,image_280.jpg,Deur,0.5263
original,image_280.jpg,Raam,0.6602
original,image_280.jpg,Raam,0.4124
original,image_280.jpg,Deur,0.4812
original,image_280.jpg,Raam,0.5738
original,image_280.jpg,Raam,0.5214
original,image_280.jpg,Deur,0.6258
original,image_280.jpg,Raam,0.5773
original,image_280.jpg,Raam,0.6268
original,image_280.jpg,Raam,0.6098
original,image_281.jpg,Raam,0.6229
original,image_281.jpg,Raam,0.5456
original,image_281.jpg,Zonnepaneel,0.7861
original,image_281.jpg,Raam,0.4549
original,image_281.jpg,Raam,0.602
original,image_281.jpg,Zonnepaneel,0.6506
original,image_281.jpg,Raam,0.4416
original,image_281.jpg,Deur,0.6012
original,image_281.jpg,Raam,0.5658
original,image_281.jpg,Raam,0.6918
original,image_281.jpg,Raam,0.7118
original,image_281.jpg,Deur,0.3499
original,image_281.jpg,Raam,0.6813
original,image_281.jpg,Deur,0.7426
original,image_281.jpg,Raam,0.6886
original,image_282.jpg,Raam,0.3188
original,image_282.jpg,Raam,0.5802
original,image_282.jpg,Raam,0.3524
original,image_283.jpg,Zonnepaneel,0.7257
original,image_283.jpg,Zonnepaneel,0.6389
original,image_283.jpg,Raam,0.6044
original,image_283.jpg,Deur,0.6626
original,image_283.jpg,Raam,0.6697
original,image_283.jpg,Raam,0.6084
original,image_283.jpg,Raam,0.5455
original,image_283.jpg,Raam,0.3782
original,image_284.jpg,Raam,0.6394
original,image_284.jpg,Raam,0.3205
original,image_284.jpg,Raam,0.3178
original,image_284.jpg,Raam,0.5248
original,image_284.jpg,Raam,0.481
original,image_284.jpg,Raam,0.3143
original,image_284.jpg,Raam,0.3378
original,image_284.jpg,Raam,0.504
original,image_284.jpg,Raam,0.6376
original,image_284.jpg,Raam,0.4648
original,image_285.jpg,Zonnepaneel,0.7374
original,image_285.jpg,Deur,0.5996
original,image_285.jpg,Raam,0.4269
original,image_285.jpg,Zonnepaneel,0.8448
original,image_285.jpg,Raam,0.4176
original,image_285.jpg,Raam,0.5178
original,image_286.jpg,Deur,0.4879
original,image_286.jpg,Raam,0.4521
original,image_286.jpg,Raam,0.3188
original,image_287.jpg,Raam,0.365
original,image_287.jpg,Raam,0.4212
original,image_287.jpg,Raam,0.4417
original,image_287.jpg,Raam,0.4758
original,image_287.jpg,Raam,0.5801
original,image_287.jpg,Raam,0.5682
original,image_289.jpg,Raam,0.4266
original,image_289.jpg,Raam,0.5397
original,image_289.jpg,Raam,0.6746
original,image_289.jpg,Deur,0.4889
original,image_292.jpg,Raam,0.4283
original,image_292.jpg,Deur,0.5995
original,image_292.jpg,Raam,0.5532
original,image_292.jpg,Raam,0.3888
original,image_292.jpg,Raam,0.3128
original,image_293.jpg,Raam,0.3463
original,image_293.jpg,Raam,0.8102
original,image_293.jpg,Deur,0.7499
original,image_294.jpg,Raam,0.5978
original,image_294.jpg,Raam,0.6197
original,image_294.jpg,Raam,0.4494
original,image_294.jpg,Raam,0.6523
original,image_295.jpg,Raam,0.6335
original,image_295.jpg,Raam,0.489
original,image_295.jpg,Raam,0.4703
original,image_297.jpg,Raam,0.6022
original,image_297.jpg,Raam,0.7472
original,image_297.jpg,Deur,0.6899
original,image_297.jpg,Raam,0.4991
original,image_297.jpg,Raam,0.807
original,image_297.jpg,Raam,0.701
original,image_297.jpg,Raam,0.8283
original,image_297.jpg,Raam,0.8054
original,image_297.jpg,Deur,0.6671
original,image_297.jpg,Raam,0.8283
original,image_297.jpg,Raam,0.7501
original,image_299.jpg,Raam,0.6279
original,image_299.jpg,Raam,0.6127
original,image_299.jpg,Raam,0.4982
original,image_299.jpg,Raam,0.5272
original,image_30.jpg,Raam,0.8714
original,image_30.jpg,Raam,0.5794
original,image_30.jpg,Raam,0.641
original,image_30.jpg,Raam,0.4073
original,image_30.jpg,Deur,0.3396
original,image_30.jpg,Deur,0.881
original,image_30.jpg,Raam,0.5382
original,image_30.jpg,Raam,0.9081
original,image_30.jpg,Raam,0.946
original,image_300.jpg,Raam,0.7387
original,image_300.jpg,Deur,0.4891
original,image_300.jpg,Zonnepaneel,0.4721
original,image_300.jpg,Raam,0.5177
original,image_300.jpg,Zonnepaneel,0.7986
original,image_300.jpg,Raam,0.4988
original,image_300.jpg,Zonnepaneel,0.7963
original,image_300.jpg,Zonnepaneel,0.805
original,image_301.jpg,Deur,0.3001
original,image_301.jpg,Zonnepaneel,0.7505
original,image_301.jpg,Raam,0.5048
original,image_301.jpg,Raam,0.3941
original,image_301.jpg,Raam,0.4526
original,image_301.jpg,Raam,0.3537
original,image_301.jpg,Zonnepaneel,0.5691
original,image_301.jpg,Raam,0.5531
original,image_302.jpg,Raam,0.4323
original,image_302.jpg,Raam,0.6705
original,image_302.jpg,Raam,0.3173
original,image_302.jpg,Raam,0.346
original,image_302.jpg,Raam,0.3377
original,image_302.jpg,Raam,0.5137
original,image_302.jpg,Raam,0.7551
original,image_302.jpg,Deur,0.5697
original,image_302.jpg,Raam,0.4
original,image_302.jpg,Deur,0.4123
original,image_302.jpg,Raam,0.5025
original,image_303.jpg,Raam,0.366
original,image_303.jpg,Raam,0.479
original,image_304.jpg,Raam,0.423
original,image_304.jpg,Deur,0.6582
original,image_304.jpg,Deur,0.6899
original,image_304.jpg,Deur,0.3395
original,image_304.jpg,Deur,0.3131
original,image_306.jpg,Raam,0.4251
original,image_306.jpg,Raam,0.5588
original,image_306.jpg,Deur,0.6688
original,image_306.jpg,Raam,0.6402
original,image_306.jpg,Raam,0.677
original,image_307.jpg,Zonnepaneel,0.8445
original,image_307.jpg,Deur,0.3522
original,image_307.jpg,Deur,0.3806
original,image_307.jpg,Raam,0.3756
original,image_307.jpg,Deur,0.4095
original,image_307.jpg,Deur,0.4548
original,image_307.jpg,Zonnepaneel,0.6995
original,image_307.jpg,Raam,0.4096
original,image_309.jpg,Deur,0.6169
original,image_309.jpg,Raam,0.3771
original,image_309.jpg,Deur,0.451
original,image_309.jpg,Raam,0.5262
original,image_309.jpg,Raam,0.6435
original,image_309.jpg,Raam,0.3364
original,image_31.jpg,Raam,0.7606
original,image_31.jpg,Raam,0.5174
original,image_31.jpg,Raam,0.5953
original,image_31.jpg,Raam,0.9044
original,image_31.jpg,Raam,0.7152
original,image_31.jpg,Deur,0.4524
original,image_31.jpg,Raam,0.7851
original,image_310.jpg,Raam,0.3599
original,image_310.jpg,Raam,0.6514
original,image_311.jpg,Raam,0.3558
original,image_311.jpg,Raam,0.3174
original,image_311.jpg,Raam,0.3178
original,image_311.jpg,Deur,0.7232
original,image_312.jpg,Raam,0.3171
original,image_312.jpg,Raam,0.5455
original,image_312.jpg,Raam,0.4589
original,image_312.jpg,Raam,0.4047
original,image_312.jpg,Raam,0.4868
original,image_312.jpg,Raam,0.3585
original,image_312.jpg,Raam,0.6927
original,image_313.jpg,Raam,0.4892
original,image_317.jpg,Raam,0.4997
original,image_317.jpg,Deur,0.6733
original,image_317.jpg,Raam,0.6769
original,image_317.jpg,Deur,0.6082
original,image_317.jpg,Raam,0.3405
original,image_317.jpg,Raam,0.6812
original,image_318.jpg,Deur,0.4956
original,image_318.jpg,Raam,0.4473
original,image_318.jpg,Deur,0.6841
original,image_319.jpg,Raam,0.7616
original,image_32.jpg,Deur,0.8259
original,image_32.jpg,Deur,0.3364
original,image_321.jpg,Deur,0.7687
original,image_321.jpg,Raam,0.7642
original,image_321.jpg,Raam,0.5597
original,image_321.jpg,Raam,0.6863
original,image_321.jpg,Raam,0.4218
original,image_321.jpg,Deur,0.4733
original,image_321.jpg,Raam,0.6539
original,image_321.jpg,Raam,0.7472
original,image_321.jpg,Raam,0.3267
original,image_321.jpg,Raam,0.7072
original,image_322.jpg,Raam,0.4771
original,image_322.jpg,Raam,0.6154
original,image_322.jpg,Deur,0.7839
original,image_322.jpg,Raam,0.7393
original,image_322.jpg,Zonnepaneel,0.3079
original,image_322.jpg,Raam,0.3927
original,image_322.jpg,Raam,0.3573
original,image_322.jpg,Zonnepaneel,0.5075
original,image_322.jpg,Deur,0.6555
original,image_322.jpg,Raam,0.4325
original,image_322.jpg,Raam,0.3451
original,image_322.jpg,Deur,0.5829
original,image_323.jpg,Deur,0.7602
original,image_323.jpg,Raam,0.3811
original,image_323.jpg,Raam,0.5145
original,image_323.jpg,Raam,0.4443
original,image_323.jpg,Raam,0.5843
original,image_323.jpg,Zonnepaneel,0.8046
original,image_323.jpg,Raam,0.6782
original,image_323.jpg,Zonnepaneel,0.7588
original,image_326.jpg,Raam,0.6037
original,image_326.jpg,Raam,0.5908
original,image_326.jpg,Raam,0.6361
original,image_326.jpg,Raam,0.6738
original,image_326.jpg,Raam,0.6117
original,image_326.jpg,Raam,0.3896
original,image_326.jpg,Raam,0.3395
original,image_326.jpg,Deur,0.5575
original,image_327.jpg,Deur,0.4687
original,image_327.jpg,Deur,0.4875
original,image_328.jpg,Raam,0.6926
original,image_328.jpg,Raam,0.6143
original,image_328.jpg,Raam,0.5457
original,image_328.jpg,Raam,0.5793
original,image_328.jpg,Raam,0.3166
original,image_328.jpg,Raam,0.5948
original,image_329.jpg,Deur,0.7496
original,image_329.jpg,Deur,0.587
original,image_329.jpg,Raam,0.3471
original,image_329.jpg,Raam,0.7295
original,image_329.jpg,Raam,0.5194
original,image_329.jpg,Raam,0.3781
original,image_33.jpg,Deur,0.8656
original,image_33.jpg,Raam,0.3477
original,image_33.jpg,Raam,0.338
original,image_33.jpg,Raam,0.9013
original,image_33.jpg,Raam,0.8538
original,image_33.jpg,Raam,0.78
original,image_33.jpg,Raam,0.8301
original,image_33.jpg,Deur,0.581
original,image_33.jpg,Raam,0.8303
original,image_330.jpg,Raam,0.4909
original,image_331.jpg,Raam,0.456
original,image_331.jpg,Deur,0.6697
original,image_332.jpg,Raam,0.3093
original,image_332.jpg,Raam,0.593
original,image_332.jpg,Deur,0.7169
original,image_332.jpg,Deur,0.6605
original,image_332.jpg,Deur,0.5659
original,image_334.jpg,Raam,0.3
original,image_334.jpg,Raam,0.5577
original,image_334.jpg,Raam,0.3033
original,image_334.jpg,Raam,0.5814
original,image_334.jpg,Deur,0.7539
original,image_334.jpg,Raam,0.4003
original,image_334.jpg,Deur,0.686
original,image_334.jpg,Deur,0.7354
original,image_334.jpg,Raam,0.5191
original,image_334.jpg,Raam,0.3076
original,image_334.jpg,Raam,0.3025
original,image_334.jpg,Zonnepaneel,0.8375
original,image_335.jpg,Zonnepaneel,0.8588
original,image_335.jpg,Zonnepaneel,0.7989
original,image_335.jpg,Deur,0.8009
original,image_335.jpg,Deur,0.8121
original,image_335.jpg,Raam,0.6892
original,image_335.jpg,Raam,0.7283
original,image_335.jpg,Deur,0.4028
original,image_336.jpg,Raam,0.4374
original,image_336.jpg,Deur,0.5302
original,image_336.jpg,Deur,0.5912
original,image_336.jpg,Deur,0.6344
original,image_336.jpg,Raam,0.5891
original,image_336.jpg,Raam,0.6249
original,image_336.jpg,Raam,0.3393
original,image_336.jpg,Raam,0.4548
original,image_336.jpg,Raam,0.5709
original,image_337.jpg,Zonnepaneel,0.8374
original,image_337.jpg,Raam,0.5753
original,image_337.jpg,Deur,0.3898
original,image_337.jpg,Raam,0.4793
original,image_337.jpg,Raam,0.508
original,image_338.jpg,Raam,0.7226
original,image_338.jpg,Raam,0.3833
original,image_338.jpg,Raam,0.4786
original,image_338.jpg,Raam,0.5628
original,image_339.jpg,Raam,0.3254
original,image_339.jpg,Raam,0.3594
original,image_339.jpg,Raam,0.7275
original,image_340.jpg,Deur,0.59
original,image_340.jpg,Raam,0.5318
original,image_340.jpg,Zonnepaneel,0.8422
original,image_340.jpg,Raam,0.3335
original,image_340.jpg,Raam,0.4609
original,image_340.jpg,Raam,0.601
original,image_340.jpg,Deur,0.3345
original,image_340.jpg,Zonnepaneel,0.7504
original,image_340.jpg,Raam,0.3608
original,image_340.jpg,Zonnepaneel,0.7057
original,image_346.jpg,Zonnepaneel,0.757
original,image_346.jpg,Zonnepaneel,0.8451
original,image_346.jpg,Zonnepaneel,0.8437
original,image_346.jpg,Raam,0.6292
original,image_346.jpg,Deur,0.6998
original,image_346.jpg,Raam,0.3976
original,image_346.jpg,Raam,0.3134
original,image_346.jpg,Raam,0.4902
original,image_346.jpg,Raam,0.4282
original,image_346.jpg,Deur,0.6869
original,image_346.jpg,Raam,0.4272
original,image_346.jpg,Zonnepaneel,0.4774
original,image_346.jpg,Raam,0.7203
original,image_346.jpg,Raam,0.4386
original,image_346.jpg,Raam,0.7702
original,image_349.jpg,Raam,0.4829
original,image_349.jpg,Raam,0.3145
original,image_349.jpg,Deur,0.4367
original,image_349.jpg,Raam,0.5131
original,image_349.jpg,Raam,0.5144
original,image_349.jpg,Raam,0.6382
original,image_35.jpg,Deur,0.9427
original,image_35.jpg,Raam,0.4576
original,image_35.jpg,Raam,0.5016
original,image_35.jpg,Deur,0.5957
original,image_35.jpg,Raam,0.8949
original,image_35.jpg,Raam,0.7473
original,image_350.jpg,Raam,0.7046
original,image_350.jpg,Raam,0.6952
original,image_350.jpg,Raam,0.695
original,image_350.jpg,Raam,0.4703
original,image_350.jpg,Raam,0.5296
original,image_350.jpg,Raam,0.4882
original,image_350.jpg,Deur,0.4874
original,image_350.jpg,Raam,0.5509
original,image_350.jpg,Deur,0.4052
original,image_350.jpg,Raam,0.5998
original,image_352.jpg,Raam,0.5682
original,image_352.jpg,Deur,0.7337
original,image_352.jpg,Raam,0.4484
original,image_352.jpg,Raam,0.6639
original,image_352.jpg,Raam,0.4051
original,image_353.jpg,Zonnepaneel,0.8156
original,image_353.jpg,Raam,0.6079
original,image_353.jpg,Raam,0.6888
original,image_353.jpg,Raam,0.5685
original,image_353.jpg,Raam,0.5873
original,image_353.jpg,Zonnepaneel,0.8087
original,image_353.jpg,Raam,0.5067
original,image_353.jpg,Raam,0.6465
original,image_353.jpg,Raam,0.4463
original,image_354.jpg,Deur,0.6149
original,image_354.jpg,Raam,0.302
original,image_354.jpg,Raam,0.6007
original,image_354.jpg,Raam,0.4215
original,image_354.jpg,Raam,0.6248
original,image_356.jpg,Raam,0.6076
original,image_356.jpg,Raam,0.6136
original,image_356.jpg,Raam,0.6113
original,image_356.jpg,Deur,0.8344
original,image_356.jpg,Raam,0.5169
original,image_356.jpg,Raam,0.5592
original,image_356.jpg,Raam,0.37
original,image_356.jpg,Raam,0.4951
original,image_356.jpg,Raam,0.4756
original,image_358.jpg,Deur,0.5262
original,image_358.jpg,Raam,0.7457
original,image_358.jpg,Raam,0.6335
original,image_358.jpg,Raam,0.7144
original,image_358.jpg,Raam,0.4579
original,image_358.jpg,Deur,0.7187
original,image_358.jpg,Raam,0.8475
original,image_359.jpg,Raam,0.3641
original,image_359.jpg,Deur,0.5684
original,image_36.jpg,Raam,0.906
original,image_36.jpg,Raam,0.5275
original,image_36.jpg,Raam,0.3778
original,image_36.jpg,Deur,0.5437
original,image_36.jpg,Raam,0.4348
original,image_36.jpg,Raam,0.3057
original,image_36.jpg,Raam,0.8501
original,image_360.jpg,Raam,0.5665
original,image_360.jpg,Raam,0.4289
original,image_360.jpg,Raam,0.4128
original,image_360.jpg,Raam,0.7169
original,image_360.jpg,Raam,0.4167
original,image_360.jpg,Raam,0.3811
original,image_360.jpg,Raam,0.6302
original,image_360.jpg,Raam,0.3174
original,image_360.jpg,Raam,0.5159
original,image_360.jpg,Deur,0.684
original,image_360.jpg,Raam,0.3284
original,image_365.jpg,Deur,0.6036
original,image_365.jpg,Raam,0.3564
original,image_365.jpg,Deur,0.6374
original,image_365.jpg,Raam,0.3971
original,image_365.jpg,Deur,0.4555
original,image_365.jpg,Raam,0.7643
original,image_365.jpg,Raam,0.5767
original,image_365.jpg,Raam,0.449
original,image_365.jpg,Raam,0.8353
original,image_365.jpg,Raam,0.4128
original,image_365.jpg,Raam,0.6672
original,image_365.jpg,Raam,0.7445
original,image_365.jpg,Raam,0.3581
original,image_366.jpg,Raam,0.6497
original,image_366.jpg,Raam,0.6614
original,image_366.jpg,Raam,0.5517
original,image_366.jpg,Raam,0.3939
original,image_366.jpg,Raam,0.6116
original,image_367.jpg,Raam,0.6761
original,image_367.jpg,Raam,0.5077
original,image_367.jpg,Raam,0.491
original,image_367.jpg,Raam,0.6269
original,image_367.jpg,Raam,0.4517
original,image_367.jpg,Raam,0.5471
original,image_367.jpg,Raam,0.5186
original,image_367.jpg,Raam,0.4783
original,image_367.jpg,Deur,0.417
original,image_368.jpg,Raam,0.6506
original,image_368.jpg,Deur,0.7891
original,image_368.jpg,Raam,0.6116
original,image_368.jpg,Raam,0.6806
original,image_368.jpg,Raam,0.5615
original,image_368.jpg,Raam,0.6373
original,image_368.jpg,Raam,0.7205
original,image_368.jpg,Raam,0.6604
original,image_368.jpg,Deur,0.7676
original,image_368.jpg,Raam,0.5977
original,image_368.jpg,Raam,0.7047
original,image_368.jpg,Raam,0.6067
original,image_368.jpg,Raam,0.5829
original,image_369.jpg,Deur,0.765
original,image_369.jpg,Deur,0.8117
original,image_369.jpg,Raam,0.4869
original,image_37.jpg,Raam,0.7646
original,image_37.jpg,Raam,0.8674
original,image_370.jpg,Raam,0.3208
original,image_370.jpg,Raam,0.361
original,image_370.jpg,Deur,0.5
original,image_370.jpg,Raam,0.5307
original,image_370.jpg,Raam,0.4393
original,image_372.jpg,Deur,0.7346
original,image_372.jpg,Zonnepaneel,0.6096
original,image_372.jpg,Raam,0.5061
original,image_372.jpg,Raam,0.3454
original,image_372.jpg,Deur,0.7779
original,image_372.jpg,Raam,0.3185
original,image_372.jpg,Deur,0.666
original,image_372.jpg,Raam,0.4666
original,image_372.jpg,Raam,0.4274
original,image_372.jpg,Raam,0.5573
original,image_373.jpg,Raam,0.3412
original,image_373.jpg,Raam,0.7457
original,image_373.jpg,Raam,0.4055
original,image_373.jpg,Deur,0.6594
original,image_373.jpg,Deur,0.6415
original,image_373.jpg,Raam,0.3485
original,image_373.jpg,Raam,0.3422
original,image_373.jpg,Raam,0.3177
original,image_373.jpg,Deur,0.8059
original,image_373.jpg,Raam,0.3404
original,image_373.jpg,Raam,0.6189
original,image_374.jpg,Deur,0.6159
original,image_374.jpg,Raam,0.4817
original,image_374.jpg,Raam,0.6032
original,image_374.jpg,Raam,0.559
original,image_374.jpg,Raam,0.4127
original,image_374.jpg,Deur,0.676
original,image_374.jpg,Raam,0.3342
original,image_374.jpg,Raam,0.3853
original,image_374.jpg,Raam,0.3921
original,image_374.jpg,Deur,0.5698
original,image_374.jpg,Deur,0.7652
original,image_374.jpg,Raam,0.3841
original,image_374.jpg,Raam,0.6423
original,image_376.jpg,Raam,0.4705
original,image_376.jpg,Raam,0.5455
original,image_376.jpg,Raam,0.6875
original,image_377.jpg,Raam,0.4818
original,image_377.jpg,Raam,0.4693
original,image_377.jpg,Raam,0.5812
original,image_377.jpg,Deur,0.817
original,image_377.jpg,Raam,0.3377
original,image_377.jpg,Deur,0.6769
original,image_377.jpg,Raam,0.3372
original,image_377.jpg,Raam,0.5092
original,image_377.jpg,Raam,0.3261
original,image_377.jpg,Raam,0.3076
original,image_377.jpg,Raam,0.4302
original,image_377.jpg,Deur,0.6628
original,image_377.jpg,Raam,0.6906
original,image_377.jpg,Raam,0.4117
original,image_38.jpg,Raam,0.8531
original,image_38.jpg,Raam,0.4838
original,image_38.jpg,Raam,0.3129
original,image_38.jpg,Raam,0.6445
original,image_38.jpg,Raam,0.3191
original,image_38.jpg,Raam,0.5243
original,image_38.jpg,Raam,0.8691
original,image_38.jpg,Raam,0.6458
original,image_38.jpg,Raam,0.6013
original,image_38.jpg,Raam,0.5385
original,image_38.jpg,Raam,0.7784
original,image_38.jpg,Raam,0.728
original,image_38.jpg,Raam,0.8241
original,image_38.jpg,Raam,0.3761
original,image_380.jpg,Raam,0.4855
original,image_380.jpg,Raam,0.3
original,image_380.jpg,Raam,0.5501
original,image_381.jpg,Deur,0.9513
original,image_381.jpg,Raam,0.9234
original,image_381.jpg,Raam,0.8322
original,image_381.jpg,Raam,0.9063
original,image_381.jpg,Deur,0.4413
original,image_381.jpg,Raam,0.3579
original,image_381.jpg,Deur,0.9158
original,image_381.jpg,Deur,0.8603
original,image_381.jpg,Deur,0.6904
original,image_381.jpg,Raam,0.7866
original,image_382.jpg,Raam,0.5301
original,image_382.jpg,Raam,0.5304
original,image_382.jpg,Raam,0.3864
original,image_382.jpg,Deur,0.8603
original,image_382.jpg,Raam,0.8251
original,image_383.jpg,Raam,0.349
original,image_383.jpg,Raam,0.3349
original,image_383.jpg,Raam,0.7243
original,image_383.jpg,Deur,0.5851
original,image_383.jpg,Raam,0.8024
original,image_383.jpg,Raam,0.3235
original,image_383.jpg,Raam,0.8341
original,image_383.jpg,Raam,0.7841
original,image_385.jpg,Raam,0.3446
original,image_385.jpg,Raam,0.467
original,image_385.jpg,Deur,0.832
original,image_387.jpg,Deur,0.6467
original,image_387.jpg,Raam,0.6692
original,image_387.jpg,Deur,0.5828
original,image_387.jpg,Raam,0.8534
original,image_388.jpg,Deur,0.6659
original,image_388.jpg,Raam,0.4331
original,image_388.jpg,Raam,0.4133
original,image_388.jpg,Raam,0.7393
original,image_388.jpg,Raam,0.5826
original,image_389.jpg,Raam,0.3028
original,image_389.jpg,Raam,0.5847
original,image_389.jpg,Raam,0.3394
original,image_389.jpg,Deur,0.6744
original,image_389.jpg,Raam,0.6027
original,image_389.jpg,Raam,0.7934
original,image_389.jpg,Raam,0.5929
original,image_389.jpg,Raam,0.3264
original,image_389.jpg,Raam,0.5815
original,image_389.jpg,Deur,0.5699
original,image_389.jpg,Raam,0.3605
original,image_389.jpg,Raam,0.3043
original,image_389.jpg,Raam,0.6215
original,image_391.jpg,Deur,0.5558
original,image_391.jpg,Raam,0.7484
original,image_391.jpg,Raam,0.3086
original,image_391.jpg,Deur,0.4232
original,image_391.jpg,Raam,0.555
original,image_391.jpg,Raam,0.7845
original,image_391.jpg,Raam,0.8244
original,image_393.jpg,Raam,0.7596
original,image_393.jpg,Deur,0.7435
original,image_393.jpg,Raam,0.4174
original,image_393.jpg,Raam,0.7286
original,image_393.jpg,Raam,0.5963
original,image_393.jpg,Deur,0.6295
original,image_393.jpg,Raam,0.3254
original,image_393.jpg,Raam,0.7055
original,image_393.jpg,Deur,0.8206
original,image_393.jpg,Raam,0.6143
original,image_394.jpg,Raam,0.6036
original,image_394.jpg,Raam,0.5975
original,image_394.jpg,Raam,0.3942
original,image_394.jpg,Raam,0.323
original,image_394.jpg,Deur,0.6989
original,image_394.jpg,Deur,0.3189
original,image_395.jpg,Raam,0.5678
original,image_395.jpg,Raam,0.6406
original,image_395.jpg,Raam,0.6579
original,image_395.jpg,Raam,0.311
original,image_395.jpg,Deur,0.6154
original,image_395.jpg,Raam,0.7085
original,image_398.jpg,Deur,0.621
original,image_398.jpg,Raam,0.8435
original,image_398.jpg,Raam,0.4751
original,image_398.jpg,Raam,0.3923
original,image_398.jpg,Raam,0.4819
original,image_398.jpg,Raam,0.3091
original,image_398.jpg,Raam,0.3166
original,image_398.jpg,Raam,0.6336
original,image_398.jpg,Raam,0.4537
original,image_398.jpg,Zonnepaneel,0.7438
original,image_398.jpg,Raam,0.7105
original,image_398.jpg,Raam,0.3361
original,image_4.jpg,Raam,0.5567
original,image_4.jpg,Raam,0.7622
original,image_4.jpg,Raam,0.7175
original,image_4.jpg,Zonnepaneel,0.6089
original,image_4.jpg,Raam,0.5494
original,image_4.jpg,Raam,0.4636
original,image_4.jpg,Raam,0.7301
original,image_40.jpg,Deur,0.3674
original,image_40.jpg,Deur,0.331
original,image_40.jpg,Raam,0.4124
original,image_40.jpg,Raam,0.8373
original,image_40.jpg,Raam,0.3795
original,image_40.jpg,Raam,0.4807
original,image_40.jpg,Raam,0.7178
original,image_401.jpg,Deur,0.8166
original,image_401.jpg,Deur,0.8355
original,image_401.jpg,Raam,0.8648
original,image_401.jpg,Raam,0.5706
original,image_401.jpg,Raam,0.5983
original,image_401.jpg,Raam,0.5457
original,image_401.jpg,Raam,0.8921
original,image_401.jpg,Raam,0.3415
original,image_401.jpg,Deur,0.8203
original,image_401.jpg,Raam,0.6892
original,image_402.jpg,Raam,0.3398
original,image_402.jpg,Raam,0.4895
original,image_402.jpg,Raam,0.381
original,image_402.jpg,Raam,0.5937
original,image_402.jpg,Deur,0.8653
original,image_402.jpg,Raam,0.3253
original,image_402.jpg,Raam,0.6913
original,image_403.jpg,Raam,0.4817
original,image_403.jpg,Raam,0.4855
original,image_403.jpg,Raam,0.5316
original,image_403.jpg,Raam,0.5275
original,image_403.jpg,Raam,0.4531
original,image_403.jpg,Raam,0.3499
original,image_403.jpg,Deur,0.3693
original,image_405.jpg,Deur,0.5929
original,image_405.jpg,Raam,0.4065
original,image_405.jpg,Raam,0.4481
original,image_405.jpg,Raam,0.3692
original,image_406.jpg,Raam,0.3047
original,image_406.jpg,Raam,0.3116
original,image_406.jpg,Deur,0.4859
original,image_406.jpg,Zonnepaneel,0.6893
original,image_406.jpg,Raam,0.3066
original,image_406.jpg,Raam,0.5822
original,image_406.jpg,Raam,0.3595
original,image_406.jpg,Raam,0.4115
original,image_407.jpg,Raam,0.3118
original,image_407.jpg,Deur,0.3799
original,image_407.jpg,Raam,0.8471
original,image_407.jpg,Raam,0.5729
original,image_407.jpg,Raam,0.713
original,image_407.jpg,Raam,0.6271
original,image_407.jpg,Raam,0.7149
original,image_407.jpg,Deur,0.3499
original,image_408.jpg,Deur,0.5487
original,image_408.jpg,Raam,0.6591
original,image_408.jpg,Raam,0.3078
original,image_408.jpg,Raam,0.5953
original,image_41.jpg,Raam,0.3949
original,image_41.jpg,Deur,0.546
original,image_41.jpg,Raam,0.4654
original,image_41.jpg,Raam,0.4473
original,image_41.jpg,Raam,0.7162
original,image_41.jpg,Raam,0.8006
original,image_41.jpg,Raam,0.699
original,image_41.jpg,Raam,0.6835
original,image_410.jpg,Raam,0.57
original,image_410.jpg,Raam,0.4787
original,image_410.jpg,Raam,0.4801
original,image_410.jpg,Raam,0.6003
original,image_410.jpg,Raam,0.7542
original,image_410.jpg,Raam,0.4021
original,image_410.jpg,Deur,0.3181
original,image_410.jpg,Raam,0.5504
original,image_410.jpg,Deur,0.3629
original,image_410.jpg,Raam,0.7027
original,image_410.jpg,Raam,0.7267
original,image_410.jpg,Raam,0.6079
original,image_410.jpg,Raam,0.32
original,image_410.jpg,Raam,0.5362
original,image_410.jpg,Deur,0.6952
original,image_411.jpg,Raam,0.7773
original,image_411.jpg,Deur,0.7837
original,image_411.jpg,Raam,0.4313
original,image_411.jpg,Raam,0.6485
original,image_414.jpg,Zonnepaneel,0.9243
original,image_414.jpg,Raam,0.7419
original,image_414.jpg,Raam,0.3315
original,image_415.jpg,Raam,0.3335
original,image_415.jpg,Raam,0.8398
original,image_415.jpg,Raam,0.544
original,image_415.jpg,Deur,0.9376
original,image_416.jpg,Deur,0.8468
original,image_416.jpg,Deur,0.7555
original,image_416.jpg,Raam,0.7723
original,image_416.jpg,Raam,0.926
original,image_416.jpg,Raam,0.8698
original,image_417.jpg,Raam,0.3091
original,image_417.jpg,Raam,0.3404
original,image_417.jpg,Raam,0.7835
original,image_417.jpg,Raam,0.3314
original,image_417.jpg,Raam,0.5274
original,image_417.jpg,Raam,0.7342
original,image_418.jpg,Deur,0.6666
original,image_418.jpg,Raam,0.4717
original,image_418.jpg,Raam,0.3574
original,image_418.jpg,Raam,0.3792
original,image_418.jpg,Raam,0.607
original,image_418.jpg,Raam,0.6015
original,image_418.jpg,Raam,0.6171
original,image_42.jpg,Raam,0.9017
original,image_42.jpg,Raam,0.3728
original,image_42.jpg,Raam,0.3145
original,image_42.jpg,Raam,0.3994
original,image_42.jpg,Raam,0.4154
original,image_42.jpg,Raam,0.4391
original,image_42.jpg,Raam,0.411
original,image_42.jpg,Raam,0.6686
original,image_42.jpg,Raam,0.8238
original,image_42.jpg,Raam,0.3509
original,image_420.jpg,Deur,0.5234
original,image_420.jpg,Raam,0.3089
original,image_420.jpg,Raam,0.3016
original,image_420.jpg,Zonnepaneel,0.7985
original,image_420.jpg,Raam,0.4223
original,image_420.jpg,Zonnepaneel,0.8029
original,image_421.jpg,Raam,0.8317
original,image_421.jpg,Raam,0.7088
original,image_421.jpg,Raam,0.5816
original,image_423.jpg,Raam,0.6806
original,image_423.jpg,Raam,0.4785
original,image_423.jpg,Raam,0.4152
original,image_423.jpg,Raam,0.7866
original,image_423.jpg,Raam,0.4029
original,image_423.jpg,Raam,0.6383
original,image_423.jpg,Raam,0.6466
original,image_423.jpg,Raam,0.7053
original,image_424.jpg,Deur,0.9355
original,image_424.jpg,Deur,0.8997
original,image_424.jpg,Raam,0.5022
original,image_424.jpg,Raam,0.5239
original,image_424.jpg,Raam,0.5664
original,image_424.jpg,Raam,0.3795
original,image_424.jpg,Raam,0.659
original,image_424.jpg,Raam,0.5151
original,image_424.jpg,Raam,0.62
original,image_425.jpg,Raam,0.6431
original,image_425.jpg,Deur,0.4335
original,image_425.jpg,Deur,0.8467
original,image_426.jpg,Raam,0.4535
original,image_426.jpg,Deur,0.7816
original,image_426.jpg,Raam,0.5232
original,image_427.jpg,Raam,0.8525
original,image_427.jpg,Raam,0.7697
original,image_427.jpg,Raam,0.443
original,image_428.jpg,Raam,0.4398
original,image_428.jpg,Raam,0.4209
original,image_428.jpg,Deur,0.8195
original,image_428.jpg,Raam,0.8249
original,image_429.jpg,Raam,0.8123
original,image_429.jpg,Raam,0.4667
original,image_429.jpg,Raam,0.8916
original,image_429.jpg,Raam,0.4033
original,image_429.jpg,Raam,0.572
original,image_429.jpg,Raam,0.5897
original,image_429.jpg,Raam,0.4174
original,image_429.jpg,Raam,0.4928
original,image_429.jpg,Raam,0.5401
original,image_429.jpg,Deur,0.9424
original,image_429.jpg,Raam,0.5573
original,image_43.jpg,Raam,0.3998
original,image_43.jpg,Raam,0.5772
original,image_43.jpg,Raam,0.5458
original,image_43.jpg,Deur,0.8762
original,image_43.jpg,Raam,0.5039
original,image_43.jpg,Raam,0.8786
original,image_430.jpg,Raam,0.3357
original,image_430.jpg,Zonnepaneel,0.8977
original,image_431.jpg,Raam,0.8089
original,image_431.jpg,Raam,0.8548
original,image_431.jpg,Raam,0.5977
original,image_431.jpg,Deur,0.6368
original,image_431.jpg,Raam,0.3266
original,image_431.jpg,Raam,0.4391
original,image_431.jpg,Raam,0.6436
original,image_431.jpg,Raam,0.3517
original,image_431.jpg,Raam,0.6396
original,image_431.jpg,Raam,0.3357
original,image_431.jpg,Raam,0.7156
original,image_431.jpg,Raam,0.7032
original,image_433.jpg,Raam,0.9174
original,image_433.jpg,Raam,0.6301
original,image_433.jpg,Raam,0.3713
original,image_433.jpg,Deur,0.4015
original,image_433.jpg,Raam,0.5354
original,image_434.jpg,Raam,0.9129
original,image_434.jpg,Raam,0.6586
original,image_435.jpg,Deur,0.8557
original,image_435.jpg,Deur,0.5179
original,image_436.jpg,Raam,0.794
original,image_436.jpg,Raam,0.75
original,image_436.jpg,Raam,0.6767
original,image_436.jpg,Raam,0.3087
original,image_436.jpg,Raam,0.3147
original,image_436.jpg,Raam,0.964
original,image_436.jpg,Raam,0.8599
original,image_437.jpg,Raam,0.6876
original,image_44.jpg,Raam,0.7015
original,image_44.jpg,Raam,0.5754
original,image_440.jpg,Deur,0.7354
original,image_440.jpg,Raam,0.8586
original,image_440.jpg,Raam,0.8002
original,image_440.jpg,Raam,0.4478
original,image_440.jpg,Raam,0.3923
original,image_440.jpg,Raam,0.7732
original,image_440.jpg,Raam,0.4893
original,image_440.jpg,Deur,0.6659
original,image_440.jpg,Raam,0.3467
original,image_440.jpg,Raam,0.3176
original,image_442.jpg,Raam,0.459
original,image_442.jpg,Raam,0.617
original,image_442.jpg,Raam,0.7252
original,image_442.jpg,Raam,0.7007
original,image_442.jpg,Raam,0.3518
original,image_442.jpg,Raam,0.6488
original,image_442.jpg,Raam,0.8031
original,image_442.jpg,Raam,0.4693
original,image_442.jpg,Raam,0.6749
original,image_442.jpg,Raam,0.9466
original,image_442.jpg,Deur,0.3284
original,image_443.jpg,Raam,0.5127
original,image_443.jpg,Raam,0.5479
original,image_443.jpg,Raam,0.6369
original,image_443.jpg,Raam,0.654
original,image_445.jpg,Raam,0.684
original,image_445.jpg,Raam,0.8915
original,image_446.jpg,Raam,0.7169
original,image_446.jpg,Raam,0.8477
original,image_446.jpg,Raam,0.4474
original,image_446.jpg,Raam,0.7438
original,image_447.jpg,Deur,0.8101
original,image_447.jpg,Deur,0.7808
original,image_447.jpg,Raam,0.6285
original,image_447.jpg,Raam,0.5933
original,image_447.jpg,Raam,0.8043
original,image_447.jpg,Raam,0.6334
original,image_448.jpg,Raam,0.4023
original,image_448.jpg,Raam,0.7107
original,image_449.jpg,Raam,0.6355
original,image_449.jpg,Raam,0.724
original,image_449.jpg,Raam,0.8154
original,image_45.jpg,Raam,0.3311
original,image_45.jpg,Raam,0.7221
original,image_45.jpg,Raam,0.7161
original,image_450.jpg,Deur,0.6609
original,image_452.jpg,Deur,0.7455
original,image_452.jpg,Deur,0.4759
original,image_453.jpg,Raam,0.6265
original,image_453.jpg,Raam,0.5363
original,image_453.jpg,Raam,0.4466
original,image_453.jpg,Raam,0.3119
original,image_453.jpg,Raam,0.5326
original,image_453.jpg,Raam,0.8659
original,image_453.jpg,Zonnepaneel,0.6932
original,image_453.jpg,Raam,0.5158
original,image_455.jpg,Raam,0.4508
original,image_455.jpg,Raam,0.4858
original,image_455.jpg,Raam,0.3648
original,image_455.jpg,Raam,0.3051
original,image_455.jpg,Deur,0.7788
original,image_455.jpg,Raam,0.3658
original,image_455.jpg,Raam,0.6995
original,image_455.jpg,Raam,0.5428
original,image_455.jpg,Raam,0.3464
original,image_455.jpg,Raam,0.4541
original,image_455.jpg,Raam,0.4384
original,image_455.jpg,Deur,0.7367
original,image_455.jpg,Raam,0.8778
original,image_455.jpg,Raam,0.8002
original,image_455.jpg,Deur,0.8815
original,image_455.jpg,Deur,0.8641
original,image_455.jpg,Raam,0.6611
original,image_456.jpg,Raam,0.4693
original,image_456.jpg,Deur,0.6891
original,image_456.jpg,Deur,0.8025
original,image_457.jpg,Zonnepaneel,0.9118
original,image_457.jpg,Deur,0.5999
original,image_457.jpg,Zonnepaneel,0.8537
original,image_457.jpg,Raam,0.5248
original,image_457.jpg,Raam,0.4172
original,image_457.jpg,Raam,0.6219
original,image_458.jpg,Deur,0.4354
original,image_458.jpg,Deur,0.8472
original,image_459.jpg,Raam,0.4489
original,image_459.jpg,Raam,0.5849
original,image_459.jpg,Raam,0.7135
original,image_459.jpg,Deur,0.7979
original,image_459.jpg,Raam,0.7654
original,image_46.jpg,Deur,0.5696
original,image_46.jpg,Raam,0.833
original,image_46.jpg,Deur,0.8379
original,image_46.jpg,Raam,0.8423
original,image_46.jpg,Raam,0.3025
original,image_461.jpg,Raam,0.7386
original,image_461.jpg,Raam,0.3806
original,image_461.jpg,Raam,0.3188
original,image_461.jpg,Raam,0.3664
original,image_461.jpg,Raam,0.8458
original,image_461.jpg,Raam,0.7715
original,image_461.jpg,Raam,0.8162
original,image_462.jpg,Raam,0.4664
original,image_462.jpg,Raam,0.3783
original,image_462.jpg,Raam,0.3387
original,image_462.jpg,Raam,0.3074
original,image_463.jpg,Zonnepaneel,0.4728
original,image_463.jpg,Zonnepaneel,0.4673
original,image_463.jpg,Raam,0.3564
original,image_463.jpg,Deur,0.9085
original,image_465.jpg,Deur,0.6028
original,image_465.jpg,Raam,0.772
original,image_465.jpg,Deur,0.714
original,image_465.jpg,Raam,0.6448
original,image_465.jpg,Raam,0.33
original,image_466.jpg,Raam,0.3481
original,image_466.jpg,Raam,0.6829
original,image_466.jpg,Deur,0.5888
original,image_467.jpg,Raam,0.7533
original,image_467.jpg,Deur,0.7855
original,image_467.jpg,Raam,0.4956
original,image_467.jpg,Raam,0.5075
original,image_467.jpg,Raam,0.5246
original,image_469.jpg,Deur,0.6382
original,image_469.jpg,Raam,0.7265
original,image_469.jpg,Raam,0.7359
original,image_469.jpg,Raam,0.6681
original,image_469.jpg,Raam,0.6688
original,image_469.jpg,Raam,0.6361
original,image_47.jpg,Deur,0.9
original,image_47.jpg,Raam,0.329
original,image_47.jpg,Raam,0.5634
original,image_47.jpg,Deur,0.364
original,image_470.jpg,Deur,0.8289
original,image_470.jpg,Raam,0.6255
original,image_470.jpg,Raam,0.6154
original,image_470.jpg,Raam,0.3284
original,image_470.jpg,Raam,0.5524
original,image_470.jpg,Raam,0.5789
original,image_470.jpg,Raam,0.5298
original,image_470.jpg,Raam,0.5844
original,image_470.jpg,Raam,0.4208
original,image_470.jpg,Deur,0.7822
original,image_470.jpg,Raam,0.7373
original,image_470.jpg,Raam,0.387
original,image_471.jpg,Raam,0.5149
original,image_473.jpg,Raam,0.711
original,image_473.jpg,Raam,0.5186
original,image_473.jpg,Zonnepaneel,0.8765
original,image_473.jpg,Deur,0.5488
original,image_477.jpg,Raam,0.5934
original,image_477.jpg,Raam,0.6489
original,image_477.jpg,Raam,0.4507
original,image_477.jpg,Raam,0.4739
original,image_477.jpg,Raam,0.6505
original,image_477.jpg,Raam,0.4287
original,image_478.jpg,Raam,0.8168
original,image_478.jpg,Raam,0.4586
original,image_478.jpg,Raam,0.6739
original,image_479.jpg,Raam,0.501
original,image_479.jpg,Raam,0.3189
original,image_479.jpg,Raam,0.4008
original,image_479.jpg,Raam,0.6887
original,image_479.jpg,Raam,0.6353
original,image_479.jpg,Deur,0.4665
original,image_479.jpg,Zonnepaneel,0.7959
original,image_479.jpg,Deur,0.551
original,image_48.jpg,Raam,0.906
original,image_48.jpg,Raam,0.902
original,image_48.jpg,Raam,0.7801
original,image_48.jpg,Raam,0.3084
original,image_48.jpg,Raam,0.9272
original,image_48.jpg,Raam,0.8007
original,image_48.jpg,Deur,0.9265
original,image_48.jpg,Deur,0.5503
original,image_48.jpg,Raam,0.7793
original,image_48.jpg,Raam,0.4531
original,image_48.jpg,Raam,0.6377
original,image_480.jpg,Raam,0.6701
original,image_480.jpg,Raam,0.5169
original,image_480.jpg,Raam,0.5231
original,image_480.jpg,Raam,0.3598
original,image_480.jpg,Raam,0.4545
original,image_480.jpg,Raam,0.4963
original,image_480.jpg,Raam,0.5352
original,image_480.jpg,Raam,0.5706
original,image_480.jpg,Deur,0.3905
original,image_480.jpg,Raam,0.4801
original,image_481.jpg,Raam,0.7155
original,image_481.jpg,Raam,0.5402
original,image_481.jpg,Raam,0.5397
original,image_481.jpg,Raam,0.7821
original,image_482.jpg,Raam,0.6074
original,image_482.jpg,Raam,0.5943
original,image_482.jpg,Raam,0.4299
original,image_483.jpg,Zonnepaneel,0.7648
original,image_483.jpg,Zonnepaneel,0.9496
original,image_483.jpg,Zonnepaneel,0.8061
original,image_483.jpg,Deur,0.7039
original,image_483.jpg,Raam,0.3117
original,image_484.jpg,Deur,0.3507
original,image_484.jpg,Raam,0.8726
original,image_484.jpg,Raam,0.455
original,image_484.jpg,Raam,0.6569
original,image_484.jpg,Deur,0.7947
original,image_484.jpg,Raam,0.5624
original,image_484.jpg,Raam,0.4084
original,image_484.jpg,Raam,0.7613
original,image_484.jpg,Deur,0.3955
original,image_484.jpg,Raam,0.627
original,image_485.jpg,Deur,0.7914
original,image_485.jpg,Raam,0.3657
original,image_485.jpg,Deur,0.6739
original,image_485.jpg,Raam,0.7703
original,image_486.jpg,Raam,0.4166
original,image_486.jpg,Raam,0.5781
original,image_486.jpg,Raam,0.7633
original,image_486.jpg,Deur,0.4955
original,image_487.jpg,Raam,0.6997
original,image_487.jpg,Deur,0.7172
original,image_487.jpg,Deur,0.7047
original,image_487.jpg,Raam,0.3493
original,image_489.jpg,Deur,0.6508
original,image_489.jpg,Deur,0.5164
original,image_489.jpg,Deur,0.347
original,image_49.jpg,Raam,0.747
original,image_49.jpg,Raam,0.8654
original,image_49.jpg,Raam,0.6298
original,image_49.jpg,Raam,0.8224
original,image_49.jpg,Raam,0.7435
original,image_49.jpg,Raam,0.67
original,image_490.jpg,Raam,0.3798
original,image_490.jpg,Raam,0.3563
original,image_490.jpg,Raam,0.3271
original,image_490.jpg,Raam,0.347
original,image_490.jpg,Raam,0.3879
original,image_490.jpg,Raam,0.3686
original,image_492.jpg,Raam,0.4515
original,image_492.jpg,Raam,0.509
original,image_492.jpg,Raam,0.427
original,image_492.jpg,Raam,0.3874
original,image_492.jpg,Raam,0.712
original,image_493.jpg,Raam,0.4731
original,image_493.jpg,Deur,0.8176
original,image_493.jpg,Raam,0.5915
original,image_493.jpg,Raam,0.6908
original,image_493.jpg,Raam,0.428
original,image_493.jpg,Raam,0.5754
original,image_493.jpg,Raam,0.5715
original,image_493.jpg,Raam,0.3107
original,image_493.jpg,Raam,0.8601
original,image_494.jpg,Raam,0.3003
original,image_494.jpg,Raam,0.6647
original,image_494.jpg,Deur,0.4271
original,image_495.jpg,Deur,0.8412
original,image_495.jpg,Raam,0.3536
original,image_495.jpg,Deur,0.8445
original,image_495.jpg,Raam,0.5646
original,image_495.jpg,Raam,0.4346
original,image_495.jpg,Raam,0.4834
original,image_495.jpg,Raam,0.5591
original,image_495.jpg,Raam,0.6948
original,image_496.jpg,Raam,0.3604
original,image_496.jpg,Deur,0.4695
original,image_496.jpg,Raam,0.5223
original,image_496.jpg,Raam,0.7644
original,image_496.jpg,Deur,0.6388
original,image_496.jpg,Raam,0.8252
original,image_496.jpg,Raam,0.4332
original,image_497.jpg,Deur,0.6935
original,image_497.jpg,Raam,0.7187
original,image_497.jpg,Raam,0.3269
original,image_497.jpg,Deur,0.8357
original,image_497.jpg,Raam,0.3834
original,image_497.jpg,Raam,0.361
original,image_497.jpg,Raam,0.6172
original,image_51.jpg,Raam,0.7193
original,image_51.jpg,Deur,0.3366
original,image_51.jpg,Deur,0.3012
original,image_52.jpg,Raam,0.9252
original,image_52.jpg,Deur,0.7335
original,image_52.jpg,Raam,0.8547
original,image_52.jpg,Deur,0.9031
original,image_52.jpg,Raam,0.8583
original,image_52.jpg,Raam,0.8437
original,image_52.jpg,Raam,0.466
original,image_54.jpg,Raam,0.7141
original,image_54.jpg,Raam,0.7939
original,image_54.jpg,Deur,0.4272
original,image_54.jpg,Raam,0.8389
original,image_54.jpg,Raam,0.8288
original,image_54.jpg,Raam,0.8387
original,image_54.jpg,Raam,0.6691
original,image_54.jpg,Raam,0.8286
original,image_54.jpg,Deur,0.6962
original,image_54.jpg,Raam,0.8887
original,image_56.jpg,Raam,0.3147
original,image_56.jpg,Raam,0.8511
original,image_56.jpg,Raam,0.3462
original,image_56.jpg,Raam,0.5092
original,image_56.jpg,Raam,0.3361
original,image_56.jpg,Raam,0.3908
original,image_57.jpg,Raam,0.829
original,image_57.jpg,Raam,0.9011
original,image_57.jpg,Raam,0.8631
original,image_57.jpg,Raam,0.5204
original,image_57.jpg,Raam,0.8579
original,image_59.jpg,Deur,0.6157
original,image_59.jpg,Deur,0.893
original,image_59.jpg,Raam,0.5312
original,image_59.jpg,Raam,0.941
original,image_59.jpg,Raam,0.3639
original,image_59.jpg,Raam,0.3059
original,image_59.jpg,Raam,0.5769
original,image_59.jpg,Raam,0.9515
original,image_59.jpg,Deur,0.4381
original,image_60.jpg,Zonnepaneel,0.4291
original,image_60.jpg,Zonnepaneel,0.9458
original,image_60.jpg,Raam,0.358
original,image_60.jpg,Raam,0.9391
original,image_61.jpg,Raam,0.8446
original,image_61.jpg,Raam,0.7537
original,image_61.jpg,Raam,0.8471
original,image_61.jpg,Raam,0.7955
original,image_61.jpg,Raam,0.3426
original,image_61.jpg,Raam,0.9224
original,image_62.jpg,Deur,0.9306
original,image_62.jpg,Raam,0.7652
original,image_62.jpg,Raam,0.7748
original,image_62.jpg,Raam,0.9182
original,image_62.jpg,Raam,0.8725
original,image_66.jpg,Raam,0.7835
original,image_69.jpg,Deur,0.94
original,image_69.jpg,Deur,0.9174
original,image_7.jpg,Raam,0.7363
original,image_7.jpg,Raam,0.6204
original,image_7.jpg,Raam,0.8111
original,image_7.jpg,Raam,0.7398
original,image_71.jpg,Deur,0.9406
original,image_71.jpg,Deur,0.9618
original,image_71.jpg,Raam,0.3007
original,image_71.jpg,Raam,0.9634
original,image_71.jpg,Raam,0.8921
original,image_71.jpg,Raam,0.8005
original,image_72.jpg,Raam,0.8502
original,image_72.jpg,Raam,0.6701
original,image_72.jpg,Deur,0.9239
original,image_72.jpg,Raam,0.7353
original,image_72.jpg,Deur,0.7821
original,image_72.jpg,Raam,0.6917
original,image_72.jpg,Raam,0.6915
original,image_72.jpg,Deur,0.6412
original,image_72.jpg,Raam,0.8049
original,image_72.jpg,Raam,0.6332
original,image_72.jpg,Deur,0.8433
original,image_72.jpg,Raam,0.5303
original,image_72.jpg,Raam,0.9067
original,image_72.jpg,Raam,0.4376
original,image_72.jpg,Raam,0.3549
original,image_72.jpg,Raam,0.7952
original,image_72.jpg,Raam,0.4388
original,image_72.jpg,Deur,0.6931
original,image_72.jpg,Raam,0.321
original,image_72.jpg,Deur,0.4039
original,image_73.jpg,Deur,0.6865
original,image_73.jpg,Raam,0.3286
original,image_77.jpg,Deur,0.7642
original,image_77.jpg,Raam,0.4095
original,image_77.jpg,Raam,0.8758
original,image_77.jpg,Raam,0.8447
original,image_78.jpg,Zonnepaneel,0.9431
original,image_78.jpg,Deur,0.7807
original,image_78.jpg,Zonnepaneel,0.8744
original,image_78.jpg,Raam,0.9456
original,image_78.jpg,Zonnepaneel,0.3972
original,image_78.jpg,Raam,0.3899
original,image_78.jpg,Raam,0.3869
original,image_78.jpg,Zonnepaneel,0.7474
original,image_78.jpg,Zonnepaneel,0.3057
original,image_78.jpg,Raam,0.8402
original,image_78.jpg,Deur,0.787
original,image_78.jpg,Zonnepaneel,0.8582
original,image_78.jpg,Zonnepaneel,0.356
original,image_78.jpg,Raam,0.9491
original,image_78.jpg,Raam,0.7289
original,image_78.jpg,Raam,0.3781
original,image_78.jpg,Raam,0.3933
original,image_78.jpg,Deur,0.578
original,image_78.jpg,Raam,0.6766
original,image_78.jpg,Raam,0.8691
original,image_78.jpg,Raam,0.3961
original,image_78.jpg,Raam,0.4469
original,image_78.jpg,Raam,0.776
original,image_78.jpg,Deur,0.7806
original,image_78.jpg,Zonnepaneel,0.701
original,image_78.jpg,Zonnepaneel,0.7916
original,image_78.jpg,Raam,0.3707
original,image_78.jpg,Zonnepaneel,0.5766
original,image_78.jpg,Zonnepaneel,0.6718
original,image_78.jpg,Zonnepaneel,0.9475
original,image_78.jpg,Raam,0.8288
original,image_78.jpg,Zonnepaneel,0.6844
original,image_78.jpg,Raam,0.8716
original,image_78.jpg,Raam,0.5671
original,image_79.jpg,Raam,0.7829
original,image_79.jpg,Raam,0.8154
original,image_79.jpg,Raam,0.3107
original,image_79.jpg,Raam,0.9256
original,image_79.jpg,Raam,0.9598
original,image_79.jpg,Raam,0.3056
original,image_79.jpg,Raam,0.3607
original,image_79.jpg,Raam,0.3441
original,image_79.jpg,Raam,0.6905
original,image_79.jpg,Deur,0.8709
original,image_79.jpg,Raam,0.3568
original,image_79.jpg,Deur,0.9197
original,image_79.jpg,Deur,0.9109
original,image_79.jpg,Deur,0.3648
original,image_79.jpg,Deur,0.3211
original,image_79.jpg,Deur,0.6353
original,image_8.jpg,Raam,0.3527
original,image_8.jpg,Raam,0.603
original,image_8.jpg,Raam,0.3226
original,image_8.jpg,Raam,0.344
original,image_8.jpg,Deur,0.644
original,image_8.jpg,Raam,0.8979
original,image_8.jpg,Deur,0.5124
original,image_8.jpg,Raam,0.8621
original,image_8.jpg,Raam,0.4036
original,image_8.jpg,Deur,0.4507
original,image_8.jpg,Raam,0.4119
original,image_8.jpg,Raam,0.341
original,image_8.jpg,Raam,0.8934
original,image_8.jpg,Raam,0.7738
original,image_8.jpg,Raam,0.4715
original,image_8.jpg,Raam,0.801
original,image_80.jpg,Raam,0.7094
original,image_82.jpg,Raam,0.558
original,image_82.jpg,Deur,0.3498
original,image_82.jpg,Deur,0.3307
original,image_85.jpg,Raam,0.5808
original,image_85.jpg,Raam,0.3073
original,image_85.jpg,Raam,0.9155
original,image_85.jpg,Raam,0.4519
original,image_85.jpg,Raam,0.8597
original,image_85.jpg,Raam,0.5401
original,image_85.jpg,Raam,0.7285
original,image_85.jpg,Raam,0.7395
original,image_86.jpg,Raam,0.356
original,image_86.jpg,Deur,0.9465
original,image_86.jpg,Raam,0.7013
original,image_86.jpg,Deur,0.8448
original,image_86.jpg,Raam,0.3626
original,image_86.jpg,Raam,0.3436
original,image_86.jpg,Raam,0.745
original,image_86.jpg,Raam,0.361
original,image_87.jpg,Deur,0.8598
original,image_87.jpg,Raam,0.6021
original,image_87.jpg,Raam,0.7133
original,image_87.jpg,Raam,0.5468
original,image_87.jpg,Raam,0.8394
original,image_88.jpg,Raam,0.3907
original,image_88.jpg,Raam,0.3863
original,image_9.jpg,Raam,0.6162
original,image_9.jpg,Raam,0.4462
original,image_9.jpg,Raam,0.6812
original,image_9.jpg,Raam,0.3833
original,image_9.jpg,Raam,0.8401
original,image_9.jpg,Raam,0.9127
original,image_90.jpg,Raam,0.7447
original,image_90.jpg,Raam,0.6135
original,image_90.jpg,Raam,0.3614
original,image_90.jpg,Raam,0.3661
original,image_90.jpg,Raam,0.8991
original,image_90.jpg,Zonnepaneel,0.8948
original,image_90.jpg,Zonnepaneel,0.4168
original,image_90.jpg,Raam,0.7449
original,image_90.jpg,Raam,0.5093
original,image_90.jpg,Raam,0.5548
original,image_90.jpg,Zonnepaneel,0.8436
original,image_90.jpg,Zonnepaneel,0.4289
original,image_90.jpg,Raam,0.3779
original,image_91.jpg,Raam,0.7971
original,image_91.jpg,Raam,0.8979
original,image_91.jpg,Raam,0.9079
original,image_91.jpg,Raam,0.7995
original,image_91.jpg,Raam,0.5931
original,image_91.jpg,Deur,0.8202
original,image_91.jpg,Raam,0.5815
original,image_91.jpg,Raam,0.3353
original,image_91.jpg,Deur,0.7432
original,image_92.jpg,Raam,0.5755
original,image_92.jpg,Raam,0.5329
original,image_92.jpg,Raam,0.6404
original,image_92.jpg,Raam,0.7565
original,image_92.jpg,Raam,0.661
original,image_92.jpg,Deur,0.7675
original,image_92.jpg,Raam,0.6829
original,image_92.jpg,Raam,0.4343
original,image_93.jpg,Deur,0.9307
original,image_93.jpg,Raam,0.9063
original,image_93.jpg,Raam,0.769
original,image_93.jpg,Raam,0.9022
original,image_93.jpg,Deur,0.6835
original,image_93.jpg,Raam,0.4724
original,image_93.jpg,Raam,0.8667
original,image_93.jpg,Raam,0.8322
original,image_93.jpg,Deur,0.8837
original,image_93.jpg,Raam,0.7896
original,image_93.jpg,Raam,0.9621
original,image_93.jpg,Deur,0.8745
original,image_93.jpg,Raam,0.9075
original,image_93.jpg,Raam,0.9318
original,image_95.jpg,Deur,0.4317
original,image_95.jpg,Raam,0.7736
original,image_95.jpg,Raam,0.9265
original,image_95.jpg,Raam,0.4259
original,image_96.jpg,Raam,0.3012
original,image_96.jpg,Raam,0.3282
original,image_96.jpg,Deur,0.795
original,image_96.jpg,Raam,0.6065
original,image_96.jpg,Raam,0.4231
original,image_96.jpg,Raam,0.3709
original,image_96.jpg,Raam,0.7297
original,image_96.jpg,Raam,0.3779
original,image_97.jpg,Deur,0.9535
original,image_97.jpg,Raam,0.7956
original,image_97.jpg,Raam,0.7755
original,image_97.jpg,Deur,0.3524
original,image_99.jpg,Raam,0.3094
original,image_99.jpg,Raam,0.3085
original,image_99.jpg,Raam,0.3886
original,image_99.jpg,Raam,0.3939
original,image_99.jpg,Raam,0.7131
original,image_99.jpg,Raam,0.3643
original,image_99.jpg,Raam,0.6702
original,image_99.jpg,Deur,0.33
original,image_99.jpg,Raam,0.3812
resized,image_10.jpg,Raam,0.9132
resized,image_10.jpg,Raam,0.0
resized,image_10.jpg,Zonnepaneel,0.9151
resized,image_10.jpg,Raam,0.826
resized,image_103.jpg,Raam,0.7935
resized,image_103.jpg,Raam,0.0
resized,image_103.jpg,Deur,0.9368
resized,image_103.jpg,Raam,0.0
resized,image_103.jpg,Raam,0.9146
resized,image_103.jpg,Raam,0.9092
resized,image_103.jpg,Raam,0.5512
resized,image_103.jpg,Raam,0.0
resized,image_103.jpg,Deur,0.0
resized,image_103.jpg,Raam,0.8825
resized,image_103.jpg,Raam,0.5353
resized,image_103.jpg,Raam,0.8754
resized,image_103.jpg,Raam,0.8939
resized,image_103.jpg,Raam,0.9463
resized,image_104.jpg,Deur,0.969
resized,image_104.jpg,Deur,0.9471
resized,image_104.jpg,Deur,0.9606
resized,image_104.jpg,Raam,0.0
resized,image_104.jpg,Raam,0.0
resized,image_104.jpg,Raam,0.9456
resized,image_105.jpg,Deur,0.9232
resized,image_105.jpg,Raam,0.9158
resized,image_105.jpg,Raam,0.9094
resized,image_107.jpg,Deur,0.9605
resized,image_107.jpg,Raam,0.957
resized,image_107.jpg,Raam,0.9206
resized,image_107.jpg,Raam,0.8845
resized,image_109.jpg,Raam,0.8383
resized,image_109.jpg,Deur,0.4504
resized,image_109.jpg,Raam,0.0
resized,image_109.jpg,Deur,0.4805
resized,image_109.jpg,Deur,0.0
resized,image_109.jpg,Deur,0.0
resized,image_110.jpg,Raam,0.897
resized,image_110.jpg,Raam,0.9029
resized,image_110.jpg,Raam,0.8957
resized,image_110.jpg,Raam,0.8944
resized,image_110.jpg,Raam,0.8764
resized,image_110.jpg,Raam,0.3883
resized,image_110.jpg,Raam,0.097
resized,image_110.jpg,Raam,0.3569
resized,image_110.jpg,Raam,0.9623
resized,image_110.jpg,Raam,0.0
resized,image_110.jpg,Raam,0.3545
resized,image_110.jpg,Raam,0.3566
resized,image_110.jpg,Deur,0.9373
resized,image_110.jpg,Raam,0.0
resized,image_111.jpg,Raam,0.2389
resized,image_111.jpg,Raam,0.7892
resized,image_111.jpg,Raam,0.9038
resized,image_111.jpg,Raam,0.9648
resized,image_111.jpg,Raam,0.0
resized,image_111.jpg,Deur,0.9214
resized,image_111.jpg,Raam,0.0
resized,image_111.jpg,Raam,0.0
resized,image_111.jpg,Raam,0.7683
resized,image_111.jpg,Raam,0.0
resized,image_112.jpg,Raam,0.9035
resized,image_112.jpg,Raam,0.7638
resized,image_112.jpg,Raam,0.9429
resized,image_112.jpg,Deur,0.954
resized,image_112.jpg,Raam,0.8837
resized,image_113.jpg,Raam,0.9711
resized,image_113.jpg,Raam,0.9697
resized,image_113.jpg,Deur,0.9121
resized,image_113.jpg,Raam,0.9713
resized,image_113.jpg,Raam,0.9539
resized,image_113.jpg,Raam,0.8918
resized,image_113.jpg,Raam,0.0
resized,image_113.jpg,Raam,0.9706
resized,image_114.jpg,Raam,0.0
resized,image_114.jpg,Deur,0.9572
resized,image_114.jpg,Raam,0.8431
resized,image_114.jpg,Deur,0.9475
resized,image_114.jpg,Raam,0.8785
resized,image_114.jpg,Raam,0.9247
resized,image_114.jpg,Raam,0.9571
resized,image_114.jpg,Raam,0.8155
resized,image_114.jpg,Raam,0.8796
resized,image_114.jpg,Raam,0.0
resized,image_123.jpg,Raam,0.962
resized,image_123.jpg,Deur,0.9566
resized,image_123.jpg,Zonnepaneel,0.8982
resized,image_123.jpg,Raam,0.0
resized,image_123.jpg,Raam,0.9312
resized,image_123.jpg,Raam,0.4583
resized,image_123.jpg,Deur,0.0
resized,image_124.jpg,Raam,0.8425
resized,image_124.jpg,Raam,0.9341
resized,image_124.jpg,Raam,0.0
resized,image_124.jpg,Deur,0.9293
resized,image_124.jpg,Raam,0.0
resized,image_124.jpg,Raam,0.8236
resized,image_124.jpg,Raam,0.0
resized,image_124.jpg,Raam,0.8836
resized,image_124.jpg,Deur,0.0
resized,image_126.jpg,Deur,0.8565
resized,image_126.jpg,Raam,0.0
resized,image_126.jpg,Raam,0.0
resized,image_126.jpg,Raam,0.8647
resized,image_126.jpg,Raam,0.0
resized,image_126.jpg,Raam,0.87
resized,image_126.jpg,Raam,0.8363
resized,image_126.jpg,Raam,0.8808
resized,image_126.jpg,Raam,0.0
resized,image_126.jpg,Raam,0.0
resized,image_126.jpg,Raam,0.8711
resized,image_126.jpg,Zonnepaneel,0.0
resized,image_126.jpg,Zonnepaneel,0.0
resized,image_126.jpg,Raam,0.857
resized,image_126.jpg,Raam,0.0
resized,image_126.jpg,Raam,0.842
resized,image_126.jpg,Raam,0.0
resized,image_126.jpg,Deur,0.867
resized,image_129.jpg,Raam,0.9202
resized,image_129.jpg,Raam,0.0
resized,image_129.jpg,Raam,0.9197
resized,image_129.jpg,Raam,0.0
resized,image_13.jpg,Raam,0.0
resized,image_13.jpg,Raam,0.0
resized,image_13.jpg,Raam,0.0
resized,image_130.jpg,Deur,0.9344
resized,image_130.jpg,Raam,0.9187
resized,image_130.jpg,Deur,0.9384
resized,image_130.jpg,Raam,0.5358
resized,image_130.jpg,Raam,0.0
resized,image_131.jpg,Raam,0.9444
resized,image_131.jpg,Raam,0.8937
resized,image_131.jpg,Deur,0.911
resized,image_131.jpg,Deur,0.9017
resized,image_131.jpg,Raam,0.0
resized,image_131.jpg,Deur,0.9498
resized,image_131.jpg,Raam,0.4783
resized,image_131.jpg,Raam,0.9537
resized,image_131.jpg,Raam,0.9073
resized,image_131.jpg,Raam,0.9368
resized,image_131.jpg,Raam,0.8123
resized,image_132.jpg,Deur,0.9075
resized,image_132.jpg,Deur,0.8726
resized,image_132.jpg,Deur,0.8363
resized,image_132.jpg,Deur,0.0
resized,image_133.jpg,Raam,0.883
resized,image_133.jpg,Raam,0.8891
resized,image_133.jpg,Raam,0.8763
resized,image_133.jpg,Deur,0.6815
resized,image_133.jpg,Deur,0.0
resized,image_133.jpg,Raam,0.0
resized,image_133.jpg,Raam,0.6256
resized,image_135.jpg,Deur,0.9139
resized,image_135.jpg,Raam,0.6302
resized,image_135.jpg,Raam,0.0
resized,image_135.jpg,Raam,0.0
resized,image_136.jpg,Raam,0.9559
resized,image_136.jpg,Raam,0.9248
resized,image_136.jpg,Raam,0.8532
resized,image_136.jpg,Deur,0.9163
resized,image_136.jpg,Deur,0.9633
resized,image_136.jpg,Raam,0.6281
resized,image_136.jpg,Raam,0.923
resized,image_137.jpg,Raam,0.8904
resized,image_137.jpg,Raam,0.9256
resized,image_137.jpg,Raam,0.0
resized,image_137.jpg,Raam,0.0
resized,image_138.jpg,Raam,0.9434
resized,image_138.jpg,Raam,0.932
resized,image_138.jpg,Raam,0.9356
resized,image_138.jpg,Deur,0.9283
resized,image_138.jpg,Raam,0.8924
resized,image_138.jpg,Raam,0.9676
resized,image_138.jpg,Raam,0.0
resized,image_138.jpg,Raam,0.9466
resized,image_138.jpg,Raam,0.912
resized,image_139.jpg,Raam,0.8591
resized,image_139.jpg,Raam,0.9176
resized,image_139.jpg,Raam,0.929
resized,image_139.jpg,Raam,0.9336
resized,image_139.jpg,Raam,0.8447
resized,image_139.jpg,Raam,0.0
resized,image_139.jpg,Raam,0.9745
resized,image_139.jpg,Deur,0.8854
resized,image_139.jpg,Deur,0.0
resized,image_139.jpg,Raam,0.9412
resized,image_139.jpg,Deur,0.8093
resized,image_139.jpg,Raam,0.0
resized,image_14.jpg,Deur,0.0
resized,image_14.jpg,Deur,0.0
resized,image_14.jpg,Raam,0.8799
resized,image_141.jpg,Raam,0.9264
resized,image_141.jpg,Deur,0.911
resized,image_141.jpg,Raam,0.868
resized,image_141.jpg,Zonnepaneel,0.0
resized,image_146.jpg,Raam,0.9221
resized,image_146.jpg,Deur,0.7386
resized,image_146.jpg,Raam,0.5761
resized,image_146.jpg,Raam,0.9152
resized,image_146.jpg,Raam,0.8525
resized,image_146.jpg,Raam,0.6094
resized,image_146.jpg,Raam,0.9276
resized,image_146.jpg,Raam,0.9007
resized,image_146.jpg,Raam,0.5725
resized,image_146.jpg,Raam,0.8904
resized,image_146.jpg,Raam,0.955
resized,image_147.jpg,Raam,0.0
resized,image_147.jpg,Raam,0.9334
resized,image_147.jpg,Raam,0.8719
resized,image_147.jpg,Zonnepaneel,0.0
resized,image_147.jpg,Zonnepaneel,0.8807
resized,image_147.jpg,Zonnepaneel,0.0
resized,image_148.jpg,Raam,0.9686
resized,image_148.jpg,Deur,0.9487
resized,image_148.jpg,Raam,0.9282
resized,image_148.jpg,Raam,0.73
resized,image_148.jpg,Deur,0.9468
resized,image_148.jpg,Raam,0.8918
resized,image_148.jpg,Deur,0.8848
resized,image_148.jpg,Raam,0.0
resized,image_148.jpg,Raam,0.0
resized,image_148.jpg,Deur,0.7718
resized,image_148.jpg,Deur,0.96
resized,image_15.jpg,Zonnepaneel,0.9365
resized,image_15.jpg,Deur,0.9444
resized,image_15.jpg,Raam,0.8656
resized,image_15.jpg,Deur,0.0
resized,image_151.jpg,Raam,0.0
resized,image_156.jpg,Raam,0.0
resized,image_156.jpg,Raam,0.9093
resized,image_156.jpg,Raam,0.2757
resized,image_156.jpg,Raam,0.7588
resized,image_157.jpg,Deur,0.9406
resized,image_157.jpg,Deur,0.9515
resized,image_157.jpg,Raam,0.888
resized,image_157.jpg,Raam,0.5305
resized,image_157.jpg,Raam,0.9256
resized,image_157.jpg,Raam,0.9559
resized,image_157.jpg,Deur,0.9352
resized,image_157.jpg,Deur,0.8617
resized,image_157.jpg,Raam,0.6966
resized,image_157.jpg,Raam,0.647
resized,image_157.jpg,Raam,0.9363
resized,image_157.jpg,Raam,0.9327
resized,image_157.jpg,Raam,0.9293
resized,image_157.jpg,Raam,0.9317
resized,image_158.jpg,Raam,0.924
resized,image_158.jpg,Raam,0.9119
resized,image_158.jpg,Raam,0.9065
resized,image_158.jpg,Raam,0.8759
resized,image_158.jpg,Raam,0.7727
resized,image_158.jpg,Raam,0.6608
resized,image_158.jpg,Raam,0.7487
resized,image_158.jpg,Raam,0.0
resized,image_158.jpg,Raam,0.0035
resized,image_159.jpg,Deur,0.9258
resized,image_159.jpg,Raam,0.9174
resized,image_159.jpg,Raam,0.9605
resized,image_159.jpg,Deur,0.915
resized,image_159.jpg,Raam,0.6288
resized,image_159.jpg,Raam,0.0
resized,image_159.jpg,Raam,0.7889
resized,image_159.jpg,Raam,0.5494
resized,image_159.jpg,Deur,0.8625
resized,image_160.jpg,Raam,0.9569
resized,image_160.jpg,Raam,0.8863
resized,image_160.jpg,Raam,0.9698
resized,image_160.jpg,Zonnepaneel,0.9261
resized,image_160.jpg,Raam,0.0
resized,image_160.jpg,Raam,0.7097
resized,image_160.jpg,Raam,0.7009
resized,image_160.jpg,Raam,0.7481
resized,image_160.jpg,Raam,0.9035
resized,image_160.jpg,Raam,0.0
resized,image_160.jpg,Raam,0.6518
resized,image_160.jpg,Raam,0.0
resized,image_160.jpg,Deur,0.6412
resized,image_161.jpg,Raam,0.9396
resized,image_161.jpg,Raam,0.9354
resized,image_161.jpg,Raam,0.9083
resized,image_161.jpg,Deur,0.9671
resized,image_161.jpg,Deur,0.8285
resized,image_161.jpg,Raam,0.9151
resized,image_162.jpg,Raam,0.7937
resized,image_162.jpg,Raam,0.0
resized,image_162.jpg,Raam,0.5655
resized,image_162.jpg,Raam,0.8781
resized,image_165.jpg,Raam,0.9479
resized,image_165.jpg,Raam,0.9327
resized,image_165.jpg,Deur,0.9277
resized,image_165.jpg,Raam,0.8633
resized,image_165.jpg,Raam,0.0
resized,image_165.jpg,Deur,0.4604
resized,image_169.jpg,Raam,0.9588
resized,image_169.jpg,Deur,0.9382
resized,image_17.jpg,Raam,0.9013
resized,image_17.jpg,Raam,0.0
resized,image_17.jpg,Raam,0.8795
resized,image_17.jpg,Raam,0.8159
resized,image_17.jpg,Raam,0.9002
resized,image_17.jpg,Raam,0.0
resized,image_17.jpg,Raam,0.7873
resized,image_17.jpg,Raam,0.0
resized,image_17.jpg,Raam,0.0
resized,image_171.jpg,Raam,0.8709
resized,image_171.jpg,Deur,0.8655
resized,image_171.jpg,Zonnepaneel,0.0
resized,image_171.jpg,Raam,0.8656
resized,image_171.jpg,Raam,0.8053
resized,image_171.jpg,Raam,0.2204
resized,image_171.jpg,Raam,0.7245
resized,image_172.jpg,Raam,0.9581
resized,image_172.jpg,Raam,0.6134
resized,image_172.jpg,Raam,0.0
resized,image_172.jpg,Deur,0.0
resized,image_174.jpg,Raam,0.0
resized,image_174.jpg,Raam,0.8837
resized,image_174.jpg,Raam,0.0
resized,image_174.jpg,Deur,0.8972
resized,image_174.jpg,Raam,0.0
resized,image_174.jpg,Raam,0.0
resized,image_175.jpg,Raam,0.8147
resized,image_175.jpg,Raam,0.0
resized,image_175.jpg,Raam,0.0
resized,image_175.jpg,Deur,0.0
resized,image_175.jpg,Deur,0.0
resized,image_176.jpg,Raam,0.9072
resized,image_176.jpg,Raam,0.0
resized,image_176.jpg,Raam,0.9084
resized,image_176.jpg,Raam,0.8949
resized,image_176.jpg,Deur,0.9517
resized,image_176.jpg,Raam,0.9157
resized,image_176.jpg,Raam,0.9376
resized,image_176.jpg,Deur,0.0
resized,image_176.jpg,Raam,0.9507
resized,image_176.jpg,Raam,0.9407
resized,image_176.jpg,Raam,0.8763
resized,image_176.jpg,Deur,0.928
resized,image_177.jpg,Raam,0.7392
resized,image_177.jpg,Deur,0.0
resized,image_177.jpg,Raam,0.0
resized,image_179.jpg,Raam,0.877
resized,image_179.jpg,Raam,0.8425
resized,image_179.jpg,Raam,0.8426
resized,image_179.jpg,Raam,0.8907
resized,image_179.jpg,Raam,0.8283
resized,image_18.jpg,Raam,0.8693
resized,image_18.jpg,Raam,0.8825
resized,image_18.jpg,Raam,0.0
resized,image_18.jpg,Raam,0.8409
resized,image_18.jpg,Raam,0.2714
resized,image_18.jpg,Raam,0.0
resized,image_18.jpg,Raam,0.0
resized,image_18.jpg,Raam,0.0
resized,image_18.jpg,Raam,0.0
resized,image_180.jpg,Raam,0.0
resized,image_180.jpg,Zonnepaneel,0.0
resized,image_180.jpg,Raam,0.9558
resized,image_180.jpg,Raam,0.0
resized,image_180.jpg,Raam,0.0
resized,image_180.jpg,Raam,0.0
resized,image_180.jpg,Raam,0.9549
resized,image_180.jpg,Raam,0.0
resized,image_182.jpg,Raam,0.9454
resized,image_182.jpg,Raam,0.9484
resized,image_182.jpg,Deur,0.9664
resized,image_182.jpg,Raam,0.0
resized,image_182.jpg,Raam,0.0
resized,image_182.jpg,Deur,0.7781
resized,image_182.jpg,Raam,0.0
resized,image_182.jpg,Raam,0.2699
resized,image_182.jpg,Deur,0.0
resized,image_182.jpg,Raam,0.0
resized,image_182.jpg,Raam,0.7206
resized,image_182.jpg,Raam,0.0
resized,image_183.jpg,Raam,0.9469
resized,image_183.jpg,Raam,0.9196
resized,image_183.jpg,Raam,0.8684
resized,image_183.jpg,Raam,0.7507
resized,image_183.jpg,Raam,0.6568
resized,image_183.jpg,Raam,0.8065
resized,image_183.jpg,Raam,0.9476
resized,image_183.jpg,Raam,0.9684
resized,image_183.jpg,Deur,0.4355
resized,image_184.jpg,Zonnepaneel,0.8666
resized,image_184.jpg,Zonnepaneel,0.6904
resized,image_184.jpg,Raam,0.0
resized,image_184.jpg,Raam,0.0
resized,image_185.jpg,Raam,0.9335
resized,image_185.jpg,Zonnepaneel,0.0
resized,image_185.jpg,Zonnepaneel,0.0
resized,image_185.jpg,Deur,0.9228
resized,image_187.jpg,Raam,0.9641
resized,image_187.jpg,Raam,0.9196
resized,image_187.jpg,Raam,0.8982
resized,image_187.jpg,Raam,0.0
resized,image_187.jpg,Deur,0.0
resized,image_187.jpg,Deur,0.9243
resized,image_187.jpg,Raam,0.0
resized,image_187.jpg,Raam,0.0
resized,image_187.jpg,Raam,0.9168
resized,image_187.jpg,Raam,0.9013
resized,image_187.jpg,Raam,0.0
resized,image_19.jpg,Raam,0.0
resized,image_19.jpg,Deur,0.0
resized,image_191.jpg,Raam,0.5358
resized,image_191.jpg,Raam,0.0
resized,image_191.jpg,Raam,0.9508
resized,image_193.jpg,Raam,0.914
resized,image_193.jpg,Raam,0.8503
resized,image_193.jpg,Raam,0.8121
resized,image_193.jpg,Raam,0.9282
resized,image_193.jpg,Raam,0.9766
resized,image_193.jpg,Raam,0.9114
resized,image_193.jpg,Raam,0.8896
resized,image_193.jpg,Raam,0.9242
resized,image_193.jpg,Deur,0.9493
resized,image_193.jpg,Raam,0.9079
resized,image_193.jpg,Deur,0.8517
resized,image_193.jpg,Raam,0.9012
resized,image_193.jpg,Raam,0.9192
resized,image_195.jpg,Deur,0.9653
resized,image_195.jpg,Raam,0.9065
resized,image_195.jpg,Raam,0.887
resized,image_195.jpg,Deur,0.9655
resized,image_195.jpg,Raam,0.9311
resized,image_195.jpg,Deur,0.9562
resized,image_195.jpg,Raam,0.6497
resized,image_195.jpg,Raam,0.9648
resized,image_195.jpg,Deur,0.9455
resized,image_195.jpg,Raam,0.9272
resized,image_195.jpg,Raam,0.9758
resized,image_195.jpg,Raam,0.9577
resized,image_195.jpg,Raam,0.9342
resized,image_197.jpg,Raam,0.3295
resized,image_197.jpg,Raam,0.9141
resized,image_197.jpg,Raam,0.9053
resized,image_197.jpg,Raam,0.0
resized,image_197.jpg,Deur,0.0
resized,image_197.jpg,Raam,0.9204
resized,image_197.jpg,Raam,0.3474
resized,image_197.jpg,Raam,0.0
resized,image_197.jpg,Deur,0.8453
resized,image_197.jpg,Raam,0.0
resized,image_198.jpg,Raam,0.925
resized,image_198.jpg,Raam,0.9569
resized,image_198.jpg,Raam,0.9287
resized,image_198.jpg,Raam,0.9529
resized,image_198.jpg,Raam,0.9702
resized,image_200.jpg,Deur,0.9205
resized,image_200.jpg,Raam,0.9679
resized,image_200.jpg,Raam,0.0
resized,image_200.jpg,Raam,0.8212
resized,image_200.jpg,Raam,0.0
resized,image_200.jpg,Raam,0.8444
resized,image_201.jpg,Raam,0.7537
resized,image_201.jpg,Raam,0.9523
resized,image_201.jpg,Raam,0.8877
resized,image_201.jpg,Raam,0.7046
resized,image_201.jpg,Raam,0.8529
resized,image_201.jpg,Raam,0.9012
resized,image_201.jpg,Raam,0.8174
resized,image_201.jpg,Raam,0.0
resized,image_201.jpg,Raam,0.8518
resized,image_201.jpg,Raam,0.8281
resized,image_201.jpg,Raam,0.8406
resized,image_201.jpg,Raam,0.9163
resized,image_201.jpg,Raam,0.9159
resized,image_201.jpg,Deur,0.9281
resized,image_201.jpg,Raam,0.939
resized,image_201.jpg,Raam,0.8101
resized,image_201.jpg,Raam,0.863
resized,image_202.jpg,Raam,0.9781
resized,image_202.jpg,Raam,0.9683
resized,image_202.jpg,Deur,0.9161
resized,image_202.jpg,Deur,0.935
resized,image_202.jpg,Raam,0.791
resized,image_202.jpg,Raam,0.9322
resized,image_202.jpg,Raam,0.0
resized,image_202.jpg,Raam,0.512
resized,image_204.jpg,Deur,0.9018
resized,image_204.jpg,Raam,0.9316
resized,image_206.jpg,Raam,0.873
resized,image_206.jpg,Deur,0.9513
resized,image_206.jpg,Deur,0.9609
resized,image_206.jpg,Deur,0.9061
resized,image_206.jpg,Raam,0.9622
resized,image_206.jpg,Raam,0.9275
resized,image_206.jpg,Deur,0.8993
resized,image_206.jpg,Deur,0.8848
resized,image_206.jpg,Raam,0.8945
resized,image_206.jpg,Raam,0.8607
resized,image_206.jpg,Raam,0.8457
resized,image_206.jpg,Raam,0.7415
resized,image_206.jpg,Raam,0.0
resized,image_206.jpg,Raam,0.0
resized,image_207.jpg,Deur,0.9555
resized,image_207.jpg,Deur,0.0
resized,image_207.jpg,Raam,0.0
resized,image_207.jpg,Raam,0.8917
resized,image_208.jpg,Raam,0.9244
resized,image_208.jpg,Deur,0.8588
resized,image_208.jpg,Raam,0.9425
resized,image_208.jpg,Raam,0.9137
resized,image_208.jpg,Raam,0.744
resized,image_208.jpg,Raam,0.902
resized,image_208.jpg,Raam,0.0
resized,image_209.jpg,Zonnepaneel,0.0
resized,image_209.jpg,Deur,0.9476
resized,image_209.jpg,Raam,0.9268
resized,image_209.jpg,Raam,0.9097
resized,image_209.jpg,Raam,0.8824
resized,image_209.jpg,Deur,0.9554
resized,image_210.jpg,Zonnepaneel,0.907
resized,image_210.jpg,Zonnepaneel,0.9154
resized,image_210.jpg,Zonnepaneel,0.0
resized,image_210.jpg,Raam,0.8917
resized,image_213.jpg,Raam,0.911
resized,image_213.jpg,Raam,0.0
resized,image_213.jpg,Deur,0.6073
resized,image_213.jpg,Raam,0.0
resized,image_214.jpg,Deur,0.9234
resized,image_214.jpg,Raam,0.9288
resized,image_214.jpg,Raam,0.8807
resized,image_214.jpg,Raam,0.888
resized,image_214.jpg,Deur,0.0
resized,image_214.jpg,Raam,0.9448
resized,image_214.jpg,Raam,0.8737
resized,image_214.jpg,Raam,0.9134
resized,image_214.jpg,Deur,0.0
resized,image_216.jpg,Deur,0.9734
resized,image_216.jpg,Raam,0.6019
resized,image_216.jpg,Zonnepaneel,0.4834
resized,image_216.jpg,Deur,0.9422
resized,image_216.jpg,Raam,0.8973
resized,image_216.jpg,Deur,0.9336
resized,image_216.jpg,Raam,0.9281
resized,image_217.jpg,Raam,0.9684
resized,image_217.jpg,Raam,0.0
resized,image_217.jpg,Raam,0.6374
resized,image_217.jpg,Raam,0.5607
resized,image_217.jpg,Raam,0.9094
resized,image_218.jpg,Raam,0.8615
resized,image_218.jpg,Raam,0.9095
resized,image_218.jpg,Raam,0.9723
resized,image_218.jpg,Raam,0.931
resized,image_218.jpg,Raam,0.0
resized,image_218.jpg,Raam,0.0
resized,image_218.jpg,Raam,0.9218
resized,image_218.jpg,Raam,0.0
resized,image_218.jpg,Deur,0.0
resized,image_218.jpg,Deur,0.9141
resized,image_218.jpg,Deur,0.0
resized,image_218.jpg,Raam,0.703
resized,image_218.jpg,Raam,0.0
resized,image_218.jpg,Raam,0.0
resized,image_218.jpg,Raam,0.7732
resized,image_221.jpg,Raam,0.9059
resized,image_221.jpg,Raam,0.8648
resized,image_221.jpg,Raam,0.9613
resized,image_221.jpg,Raam,0.9146
resized,image_221.jpg,Deur,0.8791
resized,image_221.jpg,Raam,0.0
resized,image_221.jpg,Deur,0.9192
resized,image_222.jpg,Raam,0.9601
resized,image_222.jpg,Deur,0.9173
resized,image_222.jpg,Deur,0.8436
resized,image_222.jpg,Raam,0.9603
resized,image_223.jpg,Raam,0.424
resized,image_223.jpg,Raam,0.9473
resized,image_223.jpg,Raam,0.9244
resized,image_223.jpg,Raam,0.0
resized,image_223.jpg,Raam,0.0
resized,image_223.jpg,Raam,0.876
resized,image_223.jpg,Raam,0.0
resized,image_226.jpg,Raam,0.9305
resized,image_226.jpg,Raam,0.9197
resized,image_226.jpg,Raam,0.9025
resized,image_226.jpg,Raam,0.8904
resized,image_226.jpg,Deur,0.938
resized,image_226.jpg,Raam,0.0
resized,image_226.jpg,Deur,0.7662
resized,image_226.jpg,Raam,0.921
resized,image_226.jpg,Deur,0.6916
resized,image_226.jpg,Raam,0.931
resized,image_226.jpg,Deur,0.9618
resized,image_226.jpg,Raam,0.5929
resized,image_226.jpg,Raam,0.9323
resized,image_226.jpg,Raam,0.6676
resized,image_226.jpg,Raam,0.0
resized,image_226.jpg,Raam,0.0
resized,image_227.jpg,Zonnepaneel,0.8923
resized,image_227.jpg,Raam,0.9647
resized,image_227.jpg,Deur,0.9205
resized,image_227.jpg,Raam,0.4829
resized,image_227.jpg,Zonnepaneel,0.9322
resized,image_228.jpg,Raam,0.9265
resized,image_23.jpg,Deur,0.9443
resized,image_23.jpg,Raam,0.912
resized,image_23.jpg,Raam,0.8568
resized,image_23.jpg,Raam,0.869
resized,image_23.jpg,Raam,0.9067
resized,image_23.jpg,Raam,0.8753
resized,image_23.jpg,Raam,0.8583
resized,image_231.jpg,Raam,0.0
resized,image_231.jpg,Deur,0.9261
resized,image_231.jpg,Raam,0.9092
resized,image_232.jpg,Raam,0.9604
resized,image_232.jpg,Raam,0.8932
resized,image_232.jpg,Raam,0.7962
resized,image_232.jpg,Raam,0.8763
resized,image_232.jpg,Raam,0.0
resized,image_232.jpg,Zonnepaneel,0.0
resized,image_232.jpg,Deur,0.9281
resized,image_234.jpg,Raam,0.9403
resized,image_234.jpg,Raam,0.6682
resized,image_234.jpg,Raam,0.9304
resized,image_234.jpg,Deur,0.9315
resized,image_234.jpg,Raam,0.8838
resized,image_234.jpg,Zonnepaneel,0.909
resized,image_234.jpg,Raam,0.6275
resized,image_234.jpg,Raam,0.8925
resized,image_234.jpg,Raam,0.9555
resized,image_234.jpg,Deur,0.2826
resized,image_234.jpg,Raam,0.7508
resized,image_234.jpg,Deur,0.9112
resized,image_234.jpg,Raam,0.7613
resized,image_235.jpg,Raam,0.9719
resized,image_235.jpg,Raam,0.4368
resized,image_235.jpg,Raam,0.9128
resized,image_235.jpg,Deur,0.91
resized,image_235.jpg,Raam,0.0
resized,image_235.jpg,Raam,0.9614
resized,image_235.jpg,Deur,0.954
resized,image_235.jpg,Raam,0.8605
resized,image_235.jpg,Raam,0.8227
resized,image_235.jpg,Raam,0.6323
resized,image_235.jpg,Raam,0.8178
resized,image_236.jpg,Raam,0.9651
resized,image_236.jpg,Raam,0.9618
resized,image_236.jpg,Raam,0.0
resized,image_236.jpg,Deur,0.0
resized,image_237.jpg,Raam,0.5405
resized,image_237.jpg,Raam,0.9253
resized,image_237.jpg,Raam,0.8292
resized,image_237.jpg,Raam,0.8761
resized,image_237.jpg,Raam,0.0
resized,image_238.jpg,Raam,0.7767
resized,image_239.jpg,Raam,0.9178
resized,image_239.jpg,Raam,0.8863
resized,image_239.jpg,Raam,0.9081
resized,image_24.jpg,Raam,0.9466
resized,image_24.jpg,Raam,0.8939
resized,image_24.jpg,Raam,0.9291
resized,image_24.jpg,Raam,0.8602
resized,image_24.jpg,Raam,0.9349
resized,image_24.jpg,Deur,0.8704
resized,image_24.jpg,Deur,0.8929
resized,image_240.jpg,Raam,0.9429
resized,image_240.jpg,Raam,0.0
resized,image_240.jpg,Raam,0.0
resized,image_240.jpg,Deur,0.8749
resized,image_240.jpg,Raam,0.9208
resized,image_241.jpg,Raam,0.84
resized,image_241.jpg,Deur,0.9515
resized,image_241.jpg,Raam,0.9204
resized,image_241.jpg,Raam,0.9464
resized,image_241.jpg,Deur,0.9161
resized,image_241.jpg,Zonnepaneel,0.0
resized,image_241.jpg,Raam,0.9121
resized,image_243.jpg,Raam,0.9468
resized,image_243.jpg,Raam,0.9769
resized,image_243.jpg,Zonnepaneel,0.9098
resized,image_243.jpg,Deur,0.8738
resized,image_243.jpg,Raam,0.5612
resized,image_243.jpg,Raam,0.9149
resized,image_245.jpg,Raam,0.9563
resized,image_245.jpg,Raam,0.0
resized,image_245.jpg,Raam,0.8342
resized,image_245.jpg,Raam,0.0
resized,image_245.jpg,Raam,0.9108
resized,image_245.jpg,Zonnepaneel,0.9044
resized,image_246.jpg,Raam,0.7598
resized,image_246.jpg,Raam,0.6955
resized,image_246.jpg,Raam,0.6946
resized,image_246.jpg,Raam,0.8719
resized,image_246.jpg,Zonnepaneel,0.0
resized,image_246.jpg,Raam,0.0
resized,image_246.jpg,Deur,0.83
resized,image_246.jpg,Raam,0.837
resized,image_249.jpg,Raam,0.9543
resized,image_249.jpg,Raam,0.8973
resized,image_249.jpg,Raam,0.9447
resized,image_249.jpg,Raam,0.0
resized,image_249.jpg,Raam,0.9184
resized,image_249.jpg,Deur,0.8101
resized,image_249.jpg,Raam,0.9567
resized,image_249.jpg,Raam,0.6024
resized,image_249.jpg,Raam,0.6271
resized,image_249.jpg,Raam,0.8481
resized,image_249.jpg,Raam,0.9482
resized,image_249.jpg,Raam,0.0
resized,image_249.jpg,Raam,0.6327
resized,image_249.jpg,Raam,0.6547
resized,image_249.jpg,Raam,0.9193
resized,image_249.jpg,Raam,0.9017
resized,image_25.jpg,Raam,0.9109
resized,image_25.jpg,Raam,0.91
resized,image_25.jpg,Raam,0.9119
resized,image_25.jpg,Raam,0.0
resized,image_25.jpg,Raam,0.8872
resized,image_25.jpg,Deur,0.82
resized,image_25.jpg,Deur,0.0
resized,image_251.jpg,Raam,0.9502
resized,image_251.jpg,Raam,0.9158
resized,image_251.jpg,Raam,0.9113
resized,image_251.jpg,Raam,0.9498
resized,image_251.jpg,Raam,0.9147
resized,image_251.jpg,Raam,0.9196
resized,image_251.jpg,Raam,0.9301
resized,image_251.jpg,Raam,0.8092
resized,image_251.jpg,Raam,0.9468
resized,image_251.jpg,Raam,0.9694
resized,image_251.jpg,Raam,0.0
resized,image_251.jpg,Raam,0.92
resized,image_251.jpg,Raam,0.9358
resized,image_251.jpg,Zonnepaneel,0.0
resized,image_254.jpg,Raam,0.0
resized,image_254.jpg,Raam,0.1134
resized,image_254.jpg,Raam,0.0
resized,image_254.jpg,Raam,0.9015
resized,image_254.jpg,Raam,0.1293
resized,image_255.jpg,Raam,0.8913
resized,image_255.jpg,Deur,0.9297
resized,image_255.jpg,Deur,0.9777
resized,image_255.jpg,Deur,0.9464
resized,image_255.jpg,Raam,0.9184
resized,image_255.jpg,Raam,0.0
resized,image_255.jpg,Raam,0.9302
resized,image_255.jpg,Raam,0.5362
resized,image_255.jpg,Raam,0.0
resized,image_255.jpg,Deur,0.9204
resized,image_255.jpg,Raam,0.5521
resized,image_255.jpg,Raam,0.9599
resized,image_255.jpg,Raam,0.9368
resized,image_255.jpg,Raam,0.9152
resized,image_257.jpg,Raam,0.9376
resized,image_257.jpg,Zonnepaneel,0.8898
resized,image_257.jpg,Raam,0.0
resized,image_257.jpg,Raam,0.0
resized,image_257.jpg,Deur,0.9221
resized,image_258.jpg,Deur,0.9415
resized,image_258.jpg,Raam,0.7615
resized,image_258.jpg,Deur,0.0
resized,image_258.jpg,Raam,0.9278
resized,image_258.jpg,Raam,0.0
resized,image_258.jpg,Raam,0.6235
resized,image_26.jpg,Raam,0.8899
resized,image_26.jpg,Raam,0.8604
resized,image_26.jpg,Deur,0.0
resized,image_26.jpg,Raam,0.0
resized,image_261.jpg,Deur,0.9606
resized,image_261.jpg,Raam,0.8725
resized,image_261.jpg,Raam,0.8246
resized,image_261.jpg,Raam,0.0
resized,image_262.jpg,Raam,0.8772
resized,image_262.jpg,Raam,0.0
resized,image_262.jpg,Raam,0.8049
resized,image_262.jpg,Raam,0.0
resized,image_262.jpg,Raam,0.0
resized,image_262.jpg,Raam,0.0
resized,image_263.jpg,Deur,0.9258
resized,image_263.jpg,Raam,0.0
resized,image_263.jpg,Raam,0.908
resized,image_263.jpg,Raam,0.0
resized,image_263.jpg,Raam,0.8939
resized,image_263.jpg,Raam,0.8967
resized,image_263.jpg,Raam,0.0
resized,image_263.jpg,Raam,0.0
resized,image_263.jpg,Raam,0.0
resized,image_263.jpg,Raam,0.0
resized,image_263.jpg,Raam,0.9223
resized,image_263.jpg,Deur,0.8835
resized,image_263.jpg,Raam,0.8417
resized,image_263.jpg,Raam,0.9307
resized,image_263.jpg,Raam,0.9545
resized,image_263.jpg,Deur,0.8551
resized,image_263.jpg,Raam,0.9176
resized,image_264.jpg,Raam,0.8912
resized,image_264.jpg,Raam,0.6962
resized,image_265.jpg,Raam,0.8334
resized,image_265.jpg,Raam,0.8818
resized,image_265.jpg,Raam,0.0
resized,image_265.jpg,Raam,0.0
resized,image_265.jpg,Zonnepaneel,0.0
resized,image_265.jpg,Raam,0.0
resized,image_266.jpg,Raam,0.9614
resized,image_266.jpg,Raam,0.9251
resized,image_266.jpg,Raam,0.9168
resized,image_266.jpg,Raam,0.8239
resized,image_266.jpg,Raam,0.9462
resized,image_266.jpg,Deur,0.9129
resized,image_266.jpg,Raam,0.9282
resized,image_266.jpg,Raam,0.7907
resized,image_266.jpg,Raam,0.9236
resized,image_266.jpg,Deur,0.9168
resized,image_266.jpg,Raam,0.8954
resized,image_267.jpg,Raam,0.9216
resized,image_267.jpg,Deur,0.9631
resized,image_267.jpg,Raam,0.9094
resized,image_267.jpg,Raam,0.9258
resized,image_267.jpg,Raam,0.8736
resized,image_267.jpg,Raam,0.0
resized,image_267.jpg,Raam,0.9625
resized,image_267.jpg,Raam,0.9272
resized,image_267.jpg,Deur,0.8747
resized,image_267.jpg,Raam,0.8916
resized,image_267.jpg,Raam,0.8687
resized,image_267.jpg,Raam,0.9467
resized,image_267.jpg,Deur,0.8999
resized,image_267.jpg,Raam,0.9172
resized,image_267.jpg,Raam,0.8862
resized,image_267.jpg,Raam,0.9115
resized,image_267.jpg,Raam,0.9327
resized,image_267.jpg,Raam,0.7996
resized,image_268.jpg,Raam,0.982
resized,image_268.jpg,Raam,0.9797
resized,image_268.jpg,Raam,0.9679
resized,image_268.jpg,Raam,0.9655
resized,image_268.jpg,Raam,0.9773
resized,image_268.jpg,Deur,0.9462
resized,image_268.jpg,Raam,0.9093
resized,image_268.jpg,Raam,0.6884
resized,image_268.jpg,Raam,0.9266
resized,image_268.jpg,Raam,0.8246
resized,image_268.jpg,Raam,0.8831
resized,image_27.jpg,Raam,0.9236
resized,image_27.jpg,Raam,0.8523
resized,image_27.jpg,Raam,0.9496
resized,image_27.jpg,Raam,0.8649
resized,image_27.jpg,Raam,0.0
resized,image_27.jpg,Raam,0.0
resized,image_27.jpg,Deur,0.7952
resized,image_27.jpg,Raam,0.7532
resized,image_270.jpg,Raam,0.9335
resized,image_270.jpg,Raam,0.9531
resized,image_270.jpg,Raam,0.8342
resized,image_270.jpg,Raam,0.8856
resized,image_270.jpg,Raam,0.8485
resized,image_270.jpg,Raam,0.799
resized,image_270.jpg,Raam,0.9135
resized,image_270.jpg,Deur,0.869
resized,image_270.jpg,Raam,0.8428
resized,image_270.jpg,Deur,0.1124
resized,image_271.jpg,Deur,0.9481
resized,image_271.jpg,Raam,0.9031
resized,image_271.jpg,Deur,0.9398
resized,image_271.jpg,Raam,0.9415
resized,image_271.jpg,Deur,0.0
resized,image_271.jpg,Raam,0.5169
resized,image_271.jpg,Raam,0.9527
resized,image_271.jpg,Raam,0.9365
resized,image_271.jpg,Raam,0.942
resized,image_272.jpg,Raam,0.9114
resized,image_272.jpg,Raam,0.9014
resized,image_272.jpg,Raam,0.8878
resized,image_273.jpg,Raam,0.8534
resized,image_273.jpg,Raam,0.8864
resized,image_273.jpg,Raam,0.0
resized,image_273.jpg,Raam,0.0
resized,image_274.jpg,Raam,0.0
resized,image_274.jpg,Raam,0.0
resized,image_274.jpg,Zonnepaneel,0.2668
resized,image_275.jpg,Raam,0.9495
resized,image_275.jpg,Raam,0.8836
resized,image_275.jpg,Raam,0.867
resized,image_275.jpg,Raam,0.9181
resized,image_275.jpg,Raam,0.9353
resized,image_275.jpg,Deur,0.9499
resized,image_275.jpg,Raam,0.9136
resized,image_275.jpg,Raam,0.8594
resized,image_275.jpg,Deur,0.9157
resized,image_275.jpg,Raam,0.8371
resized,image_275.jpg,Raam,0.9163
resized,image_275.jpg,Raam,0.7975
resized,image_275.jpg,Raam,0.8901
resized,image_275.jpg,Raam,0.9404
resized,image_275.jpg,Raam,0.0
resized,image_275.jpg,Deur,0.0
resized,image_275.jpg,Raam,0.0
resized,image_276.jpg,Raam,0.8335
resized,image_276.jpg,Raam,0.9072
resized,image_276.jpg,Raam,0.8588
resized,image_276.jpg,Deur,0.9322
resized,image_276.jpg,Raam,0.9472
resized,image_276.jpg,Raam,0.8978
resized,image_276.jpg,Raam,0.0
resized,image_276.jpg,Raam,0.8629
resized,image_278.jpg,Raam,0.0
resized,image_278.jpg,Deur,0.0
resized,image_278.jpg,Deur,0.0
resized,image_278.jpg,Raam,0.0
resized,image_279.jpg,Raam,0.9389
resized,image_279.jpg,Raam,0.9231
resized,image_279.jpg,Raam,0.8897
resized,image_279.jpg,Raam,0.9657
resized,image_279.jpg,Raam,0.9329
resized,image_279.jpg,Raam,0.6973
resized,image_279.jpg,Raam,0.8972
resized,image_279.jpg,Raam,0.8533
resized,image_279.jpg,Deur,0.955
resized,image_279.jpg,Raam,0.7272
resized,image_279.jpg,Raam,0.953
resized,image_279.jpg,Raam,0.8783
resized,image_279.jpg,Raam,0.8867
resized,image_279.jpg,Raam,0.8864
resized,image_279.jpg,Deur,0.8273
resized,image_28.jpg,Zonnepaneel,0.9096
resized,image_28.jpg,Raam,0.9224
resized,image_28.jpg,Raam,0.8926
resized,image_28.jpg,Raam,0.0
resized,image_28.jpg,Raam,0.8857
resized,image_280.jpg,Deur,0.9579
resized,image_280.jpg,Raam,0.922
resized,image_280.jpg,Raam,0.5213
resized,image_280.jpg,Deur,0.8827
resized,image_280.jpg,Raam,0.0
resized,image_280.jpg,Raam,0.0
resized,image_280.jpg,Deur,0.9418
resized,image_280.jpg,Raam,0.0
resized,image_280.jpg,Raam,0.9667
resized,image_280.jpg,Raam,0.8752
resized,image_281.jpg,Raam,0.9104
resized,image_281.jpg,Raam,0.8277
resized,image_281.jpg,Zonnepaneel,0.0
resized,image_281.jpg,Raam,0.9494
resized,image_281.jpg,Raam,0.9526
resized,image_281.jpg,Zonnepaneel,0.9292
resized,image_281.jpg,Raam,0.9415
resized,image_281.jpg,Deur,0.914
resized,image_281.jpg,Raam,0.8563
resized,image_281.jpg,Raam,0.7098
resized,image_281.jpg,Raam,0.0
resized,image_281.jpg,Deur,0.9474
resized,image_281.jpg,Raam,0.9418
resized,image_281.jpg,Deur,0.4918
resized,image_281.jpg,Raam,0.955
resized,image_282.jpg,Raam,0.9
resized,image_282.jpg,Raam,0.918
resized,image_282.jpg,Raam,0.0
resized,image_283.jpg,Zonnepaneel,0.8141
resized,image_283.jpg,Zonnepaneel,0.759
resized,image_283.jpg,Raam,0.0
resized,image_283.jpg,Deur,0.9055
resized,image_283.jpg,Raam,0.9195
resized,image_283.jpg,Raam,0.0
resized,image_283.jpg,Raam,0.0
resized,image_283.jpg,Raam,0.0
resized,image_284.jpg,Raam,0.9207
resized,image_284.jpg,Raam,0.9362
resized,image_284.jpg,Raam,0.9471
resized,image_284.jpg,Raam,0.9536
resized,image_284.jpg,Raam,0.9264
resized,image_284.jpg,Raam,0.9591
resized,image_284.jpg,Raam,0.9586
resized,image_284.jpg,Raam,0.9675
resized,image_284.jpg,Raam,0.9405
resized,image_284.jpg,Raam,0.9424
resized,image_285.jpg,Zonnepaneel,0.8658
resized,image_285.jpg,Deur,0.9233
resized,image_285.jpg,Raam,0.8683
resized,image_285.jpg,Zonnepaneel,0.3284
resized,image_285.jpg,Raam,0.827
resized,image_285.jpg,Raam,0.8648
resized,image_286.jpg,Deur,0.9482
resized,image_286.jpg,Raam,0.8678
resized,image_286.jpg,Raam,0.744
resized,image_287.jpg,Raam,0.9517
resized,image_287.jpg,Raam,0.6471
resized,image_287.jpg,Raam,0.74
resized,image_287.jpg,Raam,0.8727
resized,image_287.jpg,Raam,0.9442
resized,image_287.jpg,Raam,0.9692
resized,image_289.jpg,Raam,0.6149
resized,image_289.jpg,Raam,0.8687
resized,image_289.jpg,Raam,0.9148
resized,image_289.jpg,Deur,0.0
resized,image_292.jpg,Raam,0.8947
resized,image_292.jpg,Deur,0.8828
resized,image_292.jpg,Raam,0.8342
resized,image_292.jpg,Raam,0.0
resized,image_292.jpg,Raam,0.7174
resized,image_293.jpg,Raam,0.939
resized,image_293.jpg,Raam,0.807
resized,image_293.jpg,Deur,0.9189
resized,image_294.jpg,Raam,0.9165
resized,image_294.jpg,Raam,0.8407
resized,image_294.jpg,Raam,0.8367
resized,image_294.jpg,Raam,0.9308
resized,image_295.jpg,Raam,0.8846
resized,image_295.jpg,Raam,0.0
resized,image_295.jpg,Raam,0.8287
resized,image_297.jpg,Raam,0.9281
resized,image_297.jpg,Raam,0.8811
resized,image_297.jpg,Deur,0.9547
resized,image_297.jpg,Raam,0.898
resized,image_297.jpg,Raam,0.9617
resized,image_297.jpg,Raam,0.8452
resized,image_297.jpg,Raam,0.96
resized,image_297.jpg,Raam,0.9266
resized,image_297.jpg,Deur,0.9147
resized,image_297.jpg,Raam,0.9692
resized,image_297.jpg,Raam,0.9056
resized,image_299.jpg,Raam,0.7439
resized,image_299.jpg,Raam,0.7439
resized,image_299.jpg,Raam,0.7349
resized,image_299.jpg,Raam,0.8215
resized,image_30.jpg,Raam,0.9346
resized,image_30.jpg,Raam,0.0
resized,image_30.jpg,Raam,0.9226
resized,image_30.jpg,Raam,0.9479
resized,image_30.jpg,Deur,0.8635
resized,image_30.jpg,Deur,0.0
resized,image_30.jpg,Raam,0.0
resized,image_30.jpg,Raam,0.9628
resized,image_30.jpg,Raam,0.9322
resized,image_300.jpg,Raam,0.9119
resized,image_300.jpg,Deur,0.9667
resized,image_300.jpg,Zonnepaneel,0.0
resized,image_300.jpg,Raam,0.8141
resized,image_300.jpg,Zonnepaneel,0.7604
resized,image_300.jpg,Raam,0.7891
resized,image_300.jpg,Zonnepaneel,0.9262
resized,image_300.jpg,Zonnepaneel,0.9331
resized,image_301.jpg,Deur,0.9197
resized,image_301.jpg,Zonnepaneel,0.9083
resized,image_301.jpg,Raam,0.9012
resized,image_301.jpg,Raam,0.0
resized,image_301.jpg,Raam,0.8975
resized,image_301.jpg,Raam,0.0
resized,image_301.jpg,Zonnepaneel,0.0034
resized,image_301.jpg,Raam,0.0
resized,image_302.jpg,Raam,0.0
resized,image_302.jpg,Raam,0.9479
resized,image_302.jpg,Raam,0.0
resized,image_302.jpg,Raam,0.9661
resized,image_302.jpg,Raam,0.9661
resized,image_302.jpg,Raam,0.8813
resized,image_302.jpg,Raam,0.4442
resized,image_302.jpg,Deur,0.9546
resized,image_302.jpg,Raam,0.0
resized,image_302.jpg,Deur,0.5767
resized,image_302.jpg,Raam,0.896
resized,image_303.jpg,Raam,0.9527
resized,image_303.jpg,Raam,0.0
resized,image_304.jpg,Raam,0.8989
resized,image_304.jpg,Deur,0.943
resized,image_304.jpg,Deur,0.5299
resized,image_304.jpg,Deur,0.9017
resized,image_304.jpg,Deur,0.0
resized,image_306.jpg,Raam,0.0
resized,image_306.jpg,Raam,0.7825
resized,image_306.jpg,Deur,0.9581
resized,image_306.jpg,Raam,0.9271
resized,image_306.jpg,Raam,0.9615
resized,image_307.jpg,Zonnepaneel,0.9019
resized,image_307.jpg,Deur,0.4378
resized,image_307.jpg,Deur,0.4695
resized,image_307.jpg,Raam,0.9231
resized,image_307.jpg,Deur,0.6961
resized,image_307.jpg,Deur,0.0
resized,image_307.jpg,Zonnepaneel,0.8388
resized,image_307.jpg,Raam,0.0
resized,image_309.jpg,Deur,0.8869
resized,image_309.jpg,Raam,0.0
resized,image_309.jpg,Deur,0.9174
resized,image_309.jpg,Raam,0.8746
resized,image_309.jpg,Raam,0.8801
resized,image_309.jpg,Raam,0.0
resized,image_31.jpg,Raam,0.8695
resized,image_31.jpg,Raam,0.8914
resized,image_31.jpg,Raam,0.8216
resized,image_31.jpg,Raam,0.9476
resized,image_31.jpg,Raam,0.8802
resized,image_31.jpg,Deur,0.8948
resized,image_31.jpg,Raam,0.0
resized,image_310.jpg,Raam,0.6803
resized,image_310.jpg,Raam,0.856
resized,image_311.jpg,Raam,0.9287
resized,image_311.jpg,Raam,0.8864
resized,image_311.jpg,Raam,0.8853
resized,image_311.jpg,Deur,0.9234
resized,image_312.jpg,Raam,0.9392
resized,image_312.jpg,Raam,0.0
resized,image_312.jpg,Raam,0.8051
resized,image_312.jpg,Raam,0.9644
resized,image_312.jpg,Raam,0.7741
resized,image_312.jpg,Raam,0.9306
resized,image_312.jpg,Raam,0.5039
resized,image_313.jpg,Raam,0.8739
resized,image_317.jpg,Raam,0.0
resized,image_317.jpg,Deur,0.7653
resized,image_317.jpg,Raam,0.9343
resized,image_317.jpg,Deur,0.8995
resized,image_317.jpg,Raam,0.0
resized,image_317.jpg,Raam,0.6707
resized,image_318.jpg,Deur,0.0
resized,image_318.jpg,Raam,0.8983
resized,image_318.jpg,Deur,0.0
resized,image_319.jpg,Raam,0.9602
resized,image_32.jpg,Deur,0.4573
resized,image_32.jpg,Deur,0.658
resized,image_321.jpg,Deur,0.9387
resized,image_321.jpg,Raam,0.975
resized,image_321.jpg,Raam,0.9463
resized,image_321.jpg,Raam,0.9449
resized,image_321.jpg,Raam,0.1268
resized,image_321.jpg,Deur,0.8046
resized,image_321.jpg,Raam,0.8453
resized,image_321.jpg,Raam,0.1372
resized,image_321.jpg,Raam,0.4684
resized,image_321.jpg,Raam,0.9474
resized,image_322.jpg,Raam,0.9403
resized,image_322.jpg,Raam,0.0
resized,image_322.jpg,Deur,0.9455
resized,image_322.jpg,Raam,0.9219
resized,image_322.jpg,Zonnepaneel,0.0
resized,image_322.jpg,Raam,0.5098
resized,image_322.jpg,Raam,0.816
resized,image_322.jpg,Zonnepaneel,0.0
resized,image_322.jpg,Deur,0.9315
resized,image_322.jpg,Raam,0.5332
resized,image_322.jpg,Raam,0.4652
resized,image_322.jpg,Deur,0.8616
resized,image_323.jpg,Deur,0.9237
resized,image_323.jpg,Raam,0.773
resized,image_323.jpg,Raam,0.886
resized,image_323.jpg,Raam,0.0
resized,image_323.jpg,Raam,0.901
resized,image_323.jpg,Zonnepaneel,0.0
resized,image_323.jpg,Raam,0.0
resized,image_323.jpg,Zonnepaneel,0.9033
resized,image_326.jpg,Raam,0.9275
resized,image_326.jpg,Raam,0.9194
resized,image_326.jpg,Raam,0.9598
resized,image_326.jpg,Raam,0.9265
resized,image_326.jpg,Raam,0.9408
resized,image_326.jpg,Raam,0.4782
resized,image_326.jpg,Raam,0.7119
resized,image_326.jpg,Deur,0.8526
resized,image_327.jpg,Deur,0.9613
resized,image_327.jpg,Deur,0.0
resized,image_328.jpg,Raam,0.9375
resized,image_328.jpg,Raam,0.9341
resized,image_328.jpg,Raam,0.8147
resized,image_328.jpg,Raam,0.0
resized,image_328.jpg,Raam,0.8881
resized,image_328.jpg,Raam,0.8946
resized,image_329.jpg,Deur,0.9641
resized,image_329.jpg,Deur,0.9169
resized,image_329.jpg,Raam,0.0
resized,image_329.jpg,Raam,0.9642
resized,image_329.jpg,Raam,0.0
resized,image_329.jpg,Raam,0.4863
resized,image_33.jpg,Deur,0.735
resized,image_33.jpg,Raam,0.0
resized,image_33.jpg,Raam,0.8755
resized,image_33.jpg,Raam,0.0
resized,image_33.jpg,Raam,0.0
resized,image_33.jpg,Raam,0.8969
resized,image_33.jpg,Raam,0.8466
resized,image_33.jpg,Deur,0.8547
resized,image_33.jpg,Raam,0.9152
resized,image_330.jpg,Raam,0.8332
resized,image_331.jpg,Raam,0.332
resized,image_331.jpg,Deur,0.5274
resized,image_332.jpg,Raam,0.424
resized,image_332.jpg,Raam,0.8609
resized,image_332.jpg,Deur,0.0
resized,image_332.jpg,Deur,0.0
resized,image_332.jpg,Deur,0.8044
resized,image_334.jpg,Raam,0.9361
resized,image_334.jpg,Raam,0.9426
resized,image_334.jpg,Raam,0.9287
resized,image_334.jpg,Raam,0.9001
resized,image_334.jpg,Deur,0.9391
resized,image_334.jpg,Raam,0.6566
resized,image_334.jpg,Deur,0.8968
resized,image_334.jpg,Deur,0.9519
resized,image_334.jpg,Raam,0.955
resized,image_334.jpg,Raam,0.8496
resized,image_334.jpg,Raam,0.0
resized,image_334.jpg,Zonnepaneel,0.0
resized,image_335.jpg,Zonnepaneel,0.8292
resized,image_335.jpg,Zonnepaneel,0.8972
resized,image_335.jpg,Deur,0.9444
resized,image_335.jpg,Deur,0.9329
resized,image_335.jpg,Raam,0.8891
resized,image_335.jpg,Raam,0.9445
resized,image_335.jpg,Deur,0.0
resized,image_336.jpg,Raam,0.9406
resized,image_336.jpg,Deur,0.9282
resized,image_336.jpg,Deur,0.9536
resized,image_336.jpg,Deur,0.9547
resized,image_336.jpg,Raam,0.9106
resized,image_336.jpg,Raam,0.9218
resized,image_336.jpg,Raam,0.0
resized,image_336.jpg,Raam,0.885
resized,image_336.jpg,Raam,0.9198
resized,image_337.jpg,Zonnepaneel,0.0
resized,image_337.jpg,Raam,0.8593
resized,image_337.jpg,Deur,0.0
resized,image_337.jpg,Raam,0.0
resized,image_337.jpg,Raam,0.0
resized,image_338.jpg,Raam,0.0
resized,image_338.jpg,Raam,0.7383
resized,image_338.jpg,Raam,0.9565
resized,image_338.jpg,Raam,0.9093
resized,image_339.jpg,Raam,0.6112
resized,image_339.jpg,Raam,0.6405
resized,image_339.jpg,Raam,0.0
resized,image_340.jpg,Deur,0.9366
resized,image_340.jpg,Raam,0.9214
resized,image_340.jpg,Zonnepaneel,0.0
resized,image_340.jpg,Raam,0.0
resized,image_340.jpg,Raam,0.7071
resized,image_340.jpg,Raam,0.0
resized,image_340.jpg,Deur,0.0
resized,image_340.jpg,Zonnepaneel,0.0
resized,image_340.jpg,Raam,0.2113
resized,image_340.jpg,Zonnepaneel,0.0
resized,image_346.jpg,Zonnepaneel,0.8879
resized,image_346.jpg,Zonnepaneel,0.9394
resized,image_346.jpg,Zonnepaneel,0.9408
resized,image_346.jpg,Raam,0.9261
resized,image_346.jpg,Deur,0.0
resized,image_346.jpg,Raam,0.8786
resized,image_346.jpg,Raam,0.0006
resized,image_346.jpg,Raam,0.8454
resized,image_346.jpg,Raam,0.5946
resized,image_346.jpg,Deur,0.8874
resized,image_346.jpg,Raam,0.9026
resized,image_346.jpg,Zonnepaneel,0.6232
resized,image_346.jpg,Raam,0.928
resized,image_346.jpg,Raam,0.9259
resized,image_346.jpg,Raam,0.9617
resized,image_349.jpg,Raam,0.9543
resized,image_349.jpg,Raam,0.0
resized,image_349.jpg,Deur,0.6393
resized,image_349.jpg,Raam,0.9143
resized,image_349.jpg,Raam,0.7617
resized,image_349.jpg,Raam,0.0
resized,image_35.jpg,Deur,0.9572
resized,image_35.jpg,Raam,0.416
resized,image_35.jpg,Raam,0.4435
resized,image_35.jpg,Deur,0.9593
resized,image_35.jpg,Raam,0.9448
resized,image_35.jpg,Raam,0.0
resized,image_350.jpg,Raam,0.9579
resized,image_350.jpg,Raam,0.9639
resized,image_350.jpg,Raam,0.9374
resized,image_350.jpg,Raam,0.9075
resized,image_350.jpg,Raam,0.9634
resized,image_350.jpg,Raam,0.8903
resized,image_350.jpg,Deur,0.897
resized,image_350.jpg,Raam,0.8799
resized,image_350.jpg,Deur,0.833
resized,image_350.jpg,Raam,0.0
resized,image_352.jpg,Raam,0.9067
resized,image_352.jpg,Deur,0.9723
resized,image_352.jpg,Raam,0.9131
resized,image_352.jpg,Raam,0.9033
resized,image_352.jpg,Raam,0.3639
resized,image_353.jpg,Zonnepaneel,0.9272
resized,image_353.jpg,Raam,0.9281
resized,image_353.jpg,Raam,0.0
resized,image_353.jpg,Raam,0.0
resized,image_353.jpg,Raam,0.0
resized,image_353.jpg,Zonnepaneel,0.8518
resized,image_353.jpg,Raam,0.0
resized,image_353.jpg,Raam,0.9452
resized,image_353.jpg,Raam,0.7664
resized,image_354.jpg,Deur,0.949
resized,image_354.jpg,Raam,0.9317
resized,image_354.jpg,Raam,0.9228
resized,image_354.jpg,Raam,0.9232
resized,image_354.jpg,Raam,0.9417
resized,image_356.jpg,Raam,0.0
resized,image_356.jpg,Raam,0.0
resized,image_356.jpg,Raam,0.0
resized,image_356.jpg,Deur,0.9616
resized,image_356.jpg,Raam,0.8923
resized,image_356.jpg,Raam,0.0
resized,image_356.jpg,Raam,0.8831
resized,image_356.jpg,Raam,0.0
resized,image_356.jpg,Raam,0.8758
resized,image_358.jpg,Deur,0.9338
resized,image_358.jpg,Raam,0.9358
resized,image_358.jpg,Raam,0.9262
resized,image_358.jpg,Raam,0.9655
resized,image_358.jpg,Raam,0.8326
resized,image_358.jpg,Deur,0.9576
resized,image_358.jpg,Raam,0.9684
resized,image_359.jpg,Raam,0.8819
resized,image_359.jpg,Deur,0.0
resized,image_36.jpg,Raam,0.9601
resized,image_36.jpg,Raam,0.8063
resized,image_36.jpg,Raam,0.0
resized,image_36.jpg,Deur,0.9288
resized,image_36.jpg,Raam,0.5422
resized,image_36.jpg,Raam,0.8713
resized,image_36.jpg,Raam,0.9112
resized,image_360.jpg,Raam,0.8858
resized,image_360.jpg,Raam,0.9124
resized,image_360.jpg,Raam,0.9194
resized,image_360.jpg,Raam,0.9462
resized,image_360.jpg,Raam,0.6112
resized,image_360.jpg,Raam,0.0
resized,image_360.jpg,Raam,0.0
resized,image_360.jpg,Raam,0.9118
resized,image_360.jpg,Raam,0.0
resized,image_360.jpg,Deur,0.7023
resized,image_360.jpg,Raam,0.4441
resized,image_365.jpg,Deur,0.9677
resized,image_365.jpg,Raam,0.9348
resized,image_365.jpg,Deur,0.9166
resized,image_365.jpg,Raam,0.9276
resized,image_365.jpg,Deur,0.8495
resized,image_365.jpg,Raam,0.8617
resized,image_365.jpg,Raam,0.8843
resized,image_365.jpg,Raam,0.9455
resized,image_365.jpg,Raam,0.8619
resized,image_365.jpg,Raam,0.0
resized,image_365.jpg,Raam,0.9092
resized,image_365.jpg,Raam,0.0
resized,image_365.jpg,Raam,0.9057
resized,image_366.jpg,Raam,0.9179
resized,image_366.jpg,Raam,0.8956
resized,image_366.jpg,Raam,0.8429
resized,image_366.jpg,Raam,0.0
resized,image_366.jpg,Raam,0.9302
resized,image_367.jpg,Raam,0.9221
resized,image_367.jpg,Raam,0.888
resized,image_367.jpg,Raam,0.9212
resized,image_367.jpg,Raam,0.7899
resized,image_367.jpg,Raam,0.8325
resized,image_367.jpg,Raam,0.9358
resized,image_367.jpg,Raam,0.3865
resized,image_367.jpg,Raam,0.8987
resized,image_367.jpg,Deur,0.003
resized,image_368.jpg,Raam,0.0
resized,image_368.jpg,Deur,0.9149
resized,image_368.jpg,Raam,0.9012
resized,image_368.jpg,Raam,0.0
resized,image_368.jpg,Raam,0.8354
resized,image_368.jpg,Raam,0.924
resized,image_368.jpg,Raam,0.9385
resized,image_368.jpg,Raam,0.9513
resized,image_368.jpg,Deur,0.9438
resized,image_368.jpg,Raam,0.9324
resized,image_368.jpg,Raam,0.9622
resized,image_368.jpg,Raam,0.9225
resized,image_368.jpg,Raam,0.9288
resized,image_369.jpg,Deur,0.9575
resized,image_369.jpg,Deur,0.9488
resized,image_369.jpg,Raam,0.0
resized,image_37.jpg,Raam,0.8933
resized,image_37.jpg,Raam,0.8563
resized,image_370.jpg,Raam,0.0
resized,image_370.jpg,Raam,0.8599
resized,image_370.jpg,Deur,0.9564
resized,image_370.jpg,Raam,0.7644
resized,image_370.jpg,Raam,0.9232
resized,image_372.jpg,Deur,0.9678
resized,image_372.jpg,Zonnepaneel,0.8645
resized,image_372.jpg,Raam,0.9127
resized,image_372.jpg,Raam,0.6006
resized,image_372.jpg,Deur,0.9077
resized,image_372.jpg,Raam,0.0
resized,image_372.jpg,Deur,0.0
resized,image_372.jpg,Raam,0.8843
resized,image_372.jpg,Raam,0.8399
resized,image_372.jpg,Raam,0.0
resized,image_373.jpg,Raam,0.9311
resized,image_373.jpg,Raam,0.0
resized,image_373.jpg,Raam,0.7716
resized,image_373.jpg,Deur,0.8916
resized,image_373.jpg,Deur,0.9745
resized,image_373.jpg,Raam,0.5218
resized,image_373.jpg,Raam,0.8219
resized,image_373.jpg,Raam,0.9011
resized,image_373.jpg,Deur,0.9065
resized,image_373.jpg,Raam,0.9306
resized,image_373.jpg,Raam,0.8824
resized,image_374.jpg,Deur,0.9544
resized,image_374.jpg,Raam,0.9256
resized,image_374.jpg,Raam,0.0
resized,image_374.jpg,Raam,0.9428
resized,image_374.jpg,Raam,0.6243
resized,image_374.jpg,Deur,0.6998
resized,image_374.jpg,Raam,0.892
resized,image_374.jpg,Raam,0.6159
resized,image_374.jpg,Raam,0.6456
resized,image_374.jpg,Deur,0.0
resized,image_374.jpg,Deur,0.9683
resized,image_374.jpg,Raam,0.7703
resized,image_374.jpg,Raam,0.9484
resized,image_376.jpg,Raam,0.9037
resized,image_376.jpg,Raam,0.0
resized,image_376.jpg,Raam,0.0
resized,image_377.jpg,Raam,0.9337
resized,image_377.jpg,Raam,0.8883
resized,image_377.jpg,Raam,0.9385
resized,image_377.jpg,Deur,0.9629
resized,image_377.jpg,Raam,0.8699
resized,image_377.jpg,Deur,0.7439
resized,image_377.jpg,Raam,0.934
resized,image_377.jpg,Raam,0.8789
resized,image_377.jpg,Raam,0.5255
resized,image_377.jpg,Raam,0.7698
resized,image_377.jpg,Raam,0.8554
resized,image_377.jpg,Deur,0.0
resized,image_377.jpg,Raam,0.5191
resized,image_377.jpg,Raam,0.9361
resized,image_38.jpg,Raam,0.9366
resized,image_38.jpg,Raam,0.9371
resized,image_38.jpg,Raam,0.9125
resized,image_38.jpg,Raam,0.9402
resized,image_38.jpg,Raam,0.9211
resized,image_38.jpg,Raam,0.5689
resized,image_38.jpg,Raam,0.0
resized,image_38.jpg,Raam,0.9552
resized,image_38.jpg,Raam,0.9435
resized,image_38.jpg,Raam,0.5179
resized,image_38.jpg,Raam,0.9462
resized,image_38.jpg,Raam,0.8619
resized,image_38.jpg,Raam,0.0
resized,image_38.jpg,Raam,0.0
resized,image_380.jpg,Raam,0.8553
resized,image_380.jpg,Raam,0.0
resized,image_380.jpg,Raam,0.8655
resized,image_381.jpg,Deur,0.9762
resized,image_381.jpg,Raam,0.9009
resized,image_381.jpg,Raam,0.0
resized,image_381.jpg,Raam,0.0
resized,image_381.jpg,Deur,0.8927
resized,image_381.jpg,Raam,0.3025
resized,image_381.jpg,Deur,0.8962
resized,image_381.jpg,Deur,0.9059
resized,image_381.jpg,Deur,0.9397
resized,image_381.jpg,Raam,0.0
resized,image_382.jpg,Raam,0.9673
resized,image_382.jpg,Raam,0.956
resized,image_382.jpg,Raam,0.9406
resized,image_382.jpg,Deur,0.9488
resized,image_382.jpg,Raam,0.853
resized,image_383.jpg,Raam,0.8974
resized,image_383.jpg,Raam,0.0
resized,image_383.jpg,Raam,0.8679
resized,image_383.jpg,Deur,0.9071
resized,image_383.jpg,Raam,0.0
resized,image_383.jpg,Raam,0.0
resized,image_383.jpg,Raam,0.8884
resized,image_383.jpg,Raam,0.0
resized,image_385.jpg,Raam,0.9524
resized,image_385.jpg,Raam,0.9456
resized,image_385.jpg,Deur,0.9658
resized,image_387.jpg,Deur,0.9368
resized,image_387.jpg,Raam,0.0
resized,image_387.jpg,Deur,0.0
resized,image_387.jpg,Raam,0.0
resized,image_388.jpg,Deur,0.9331
resized,image_388.jpg,Raam,0.834
resized,image_388.jpg,Raam,0.8502
resized,image_388.jpg,Raam,0.7829
resized,image_388.jpg,Raam,0.8234
resized,image_389.jpg,Raam,0.9288
resized,image_389.jpg,Raam,0.944
resized,image_389.jpg,Raam,0.8893
resized,image_389.jpg,Deur,0.9443
resized,image_389.jpg,Raam,0.0
resized,image_389.jpg,Raam,0.0
resized,image_389.jpg,Raam,0.9235
resized,image_389.jpg,Raam,0.9324
resized,image_389.jpg,Raam,0.9158
resized,image_389.jpg,Deur,0.9536
resized,image_389.jpg,Raam,0.5836
resized,image_389.jpg,Raam,0.0
resized,image_389.jpg,Raam,0.6063
resized,image_391.jpg,Deur,0.9406
resized,image_391.jpg,Raam,0.0
resized,image_391.jpg,Raam,0.9185
resized,image_391.jpg,Deur,0.0
resized,image_391.jpg,Raam,0.0
resized,image_391.jpg,Raam,0.0
resized,image_391.jpg,Raam,0.0
resized,image_393.jpg,Raam,0.9805
resized,image_393.jpg,Deur,0.9702
resized,image_393.jpg,Raam,0.9496
resized,image_393.jpg,Raam,0.9655
resized,image_393.jpg,Raam,0.9504
resized,image_393.jpg,Deur,0.9175
resized,image_393.jpg,Raam,0.9772
resized,image_393.jpg,Raam,0.9666
resized,image_393.jpg,Deur,0.9713
resized,image_393.jpg,Raam,0.9426
resized,image_394.jpg,Raam,0.0
resized,image_394.jpg,Raam,0.8395
resized,image_394.jpg,Raam,0.0
resized,image_394.jpg,Raam,0.0
resized,image_394.jpg,Deur,0.9368
resized,image_394.jpg,Deur,0.6565
resized,image_395.jpg,Raam,0.9133
resized,image_395.jpg,Raam,0.8833
resized,image_395.jpg,Raam,0.9402
resized,image_395.jpg,Raam,0.0
resized,image_395.jpg,Deur,0.8902
resized,image_395.jpg,Raam,0.9584
resized,image_398.jpg,Deur,0.0
resized,image_398.jpg,Raam,0.9557
resized,image_398.jpg,Raam,0.9165
resized,image_398.jpg,Raam,0.9636
resized,image_398.jpg,Raam,0.8986
resized,image_398.jpg,Raam,0.0
resized,image_398.jpg,Raam,0.9699
resized,image_398.jpg,Raam,0.8242
resized,image_398.jpg,Raam,0.8408
resized,image_398.jpg,Zonnepaneel,0.913
resized,image_398.jpg,Raam,0.9586
resized,image_398.jpg,Raam,0.4624
resized,image_4.jpg,Raam,0.8709
resized,image_4.jpg,Raam,0.0
resized,image_4.jpg,Raam,0.0
resized,image_4.jpg,Zonnepaneel,0.7303
resized,image_4.jpg,Raam,0.0
resized,image_4.jpg,Raam,0.9092
resized,image_4.jpg,Raam,0.0
resized,image_40.jpg,Deur,0.9366
resized,image_40.jpg,Deur,0.9509
resized,image_40.jpg,Raam,0.866
resized,image_40.jpg,Raam,0.0
resized,image_40.jpg,Raam,0.0
resized,image_40.jpg,Raam,0.0
resized,image_40.jpg,Raam,0.8253
resized,image_401.jpg,Deur,0.8666
resized,image_401.jpg,Deur,0.9565
resized,image_401.jpg,Raam,0.9447
resized,image_401.jpg,Raam,0.9241
resized,image_401.jpg,Raam,0.9031
resized,image_401.jpg,Raam,0.9333
resized,image_401.jpg,Raam,0.9509
resized,image_401.jpg,Raam,0.6543
resized,image_401.jpg,Deur,0.5903
resized,image_401.jpg,Raam,0.9261
resized,image_402.jpg,Raam,0.4529
resized,image_402.jpg,Raam,0.0
resized,image_402.jpg,Raam,0.0
resized,image_402.jpg,Raam,0.9271
resized,image_402.jpg,Deur,0.9463
resized,image_402.jpg,Raam,0.5477
resized,image_402.jpg,Raam,0.9485
resized,image_403.jpg,Raam,0.9474
resized,image_403.jpg,Raam,0.9402
resized,image_403.jpg,Raam,0.7906
resized,image_403.jpg,Raam,0.783
resized,image_403.jpg,Raam,0.9436
resized,image_403.jpg,Raam,0.0
resized,image_403.jpg,Deur,0.8007
resized,image_405.jpg,Deur,0.85
resized,image_405.jpg,Raam,0.8431
resized,image_405.jpg,Raam,0.913
resized,image_405.jpg,Raam,0.0
resized,image_406.jpg,Raam,0.9185
resized,image_406.jpg,Raam,0.8967
resized,image_406.jpg,Deur,0.681
resized,image_406.jpg,Zonnepaneel,0.0
resized,image_406.jpg,Raam,0.8805
resized,image_406.jpg,Raam,0.0
resized,image_406.jpg,Raam,0.0
resized,image_406.jpg,Raam,0.0
resized,image_407.jpg,Raam,0.8829
resized,image_407.jpg,Deur,0.9118
resized,image_407.jpg,Raam,0.0
resized,image_407.jpg,Raam,0.8828
resized,image_407.jpg,Raam,0.4953
resized,image_407.jpg,Raam,0.0
resized,image_407.jpg,Raam,0.9345
resized,image_407.jpg,Deur,0.9368
resized,image_408.jpg,Deur,0.967
resized,image_408.jpg,Raam,0.5535
resized,image_408.jpg,Raam,0.0
resized,image_408.jpg,Raam,0.9419
resized,image_41.jpg,Raam,0.9025
resized,image_41.jpg,Deur,0.9463
resized,image_41.jpg,Raam,0.8779
resized,image_41.jpg,Raam,0.9468
resized,image_41.jpg,Raam,0.0
resized,image_41.jpg,Raam,0.0
resized,image_41.jpg,Raam,0.0
resized,image_41.jpg,Raam,0.0
resized,image_410.jpg,Raam,0.9634
resized,image_410.jpg,Raam,0.9265
resized,image_410.jpg,Raam,0.9445
resized,image_410.jpg,Raam,0.9162
resized,image_410.jpg,Raam,0.9402
resized,image_410.jpg,Raam,0.8902
resized,image_410.jpg,Deur,0.4412
resized,image_410.jpg,Raam,0.9752
resized,image_410.jpg,Deur,0.0
resized,image_410.jpg,Raam,0.3276
resized,image_410.jpg,Raam,0.9301
resized,image_410.jpg,Raam,0.0
resized,image_410.jpg,Raam,0.4198
resized,image_410.jpg,Raam,0.5368
resized,image_410.jpg,Deur,0.9358
resized,image_411.jpg,Raam,0.8675
resized,image_411.jpg,Deur,0.6101
resized,image_411.jpg,Raam,0.8314
resized,image_411.jpg,Raam,0.9243
resized,image_414.jpg,Zonnepaneel,0.9429
resized,image_414.jpg,Raam,0.8919
resized,image_414.jpg,Raam,0.0
resized,image_415.jpg,Raam,0.9312
resized,image_415.jpg,Raam,0.9591
resized,image_415.jpg,Raam,0.6797
resized,image_415.jpg,Deur,0.9631
resized,image_416.jpg,Deur,0.8765
resized,image_416.jpg,Deur,0.9058
resized,image_416.jpg,Raam,0.8085
resized,image_416.jpg,Raam,0.9376
resized,image_416.jpg,Raam,0.9745
resized,image_417.jpg,Raam,0.8579
resized,image_417.jpg,Raam,0.8931
resized,image_417.jpg,Raam,0.9161
resized,image_417.jpg,Raam,0.0
resized,image_417.jpg,Raam,0.8722
resized,image_417.jpg,Raam,0.0
resized,image_418.jpg,Deur,0.9236
resized,image_418.jpg,Raam,0.624
resized,image_418.jpg,Raam,0.9182
resized,image_418.jpg,Raam,0.844
resized,image_418.jpg,Raam,0.6126
resized,image_418.jpg,Raam,0.9423
resized,image_418.jpg,Raam,0.8709
resized,image_42.jpg,Raam,0.9561
resized,image_42.jpg,Raam,0.0
resized,image_42.jpg,Raam,0.0
resized,image_42.jpg,Raam,0.0
resized,image_42.jpg,Raam,0.0
resized,image_42.jpg,Raam,0.0
resized,image_42.jpg,Raam,0.0
resized,image_42.jpg,Raam,0.0
resized,image_42.jpg,Raam,0.9219
resized,image_42.jpg,Raam,0.3613
resized,image_420.jpg,Deur,0.9657
resized,image_420.jpg,Raam,0.4524
resized,image_420.jpg,Raam,0.0
resized,image_420.jpg,Zonnepaneel,0.0
resized,image_420.jpg,Raam,0.0
resized,image_420.jpg,Zonnepaneel,0.0
resized,image_421.jpg,Raam,0.8986
resized,image_421.jpg,Raam,0.0
resized,image_421.jpg,Raam,0.9023
resized,image_423.jpg,Raam,0.8844
resized,image_423.jpg,Raam,0.862
resized,image_423.jpg,Raam,0.0
resized,image_423.jpg,Raam,0.0
resized,image_423.jpg,Raam,0.9271
resized,image_423.jpg,Raam,0.921
resized,image_423.jpg,Raam,0.0
resized,image_423.jpg,Raam,0.5589
resized,image_424.jpg,Deur,0.9812
resized,image_424.jpg,Deur,0.9541
resized,image_424.jpg,Raam,0.8702
resized,image_424.jpg,Raam,0.8846
resized,image_424.jpg,Raam,0.8867
resized,image_424.jpg,Raam,0.8479
resized,image_424.jpg,Raam,0.937
resized,image_424.jpg,Raam,0.9022
resized,image_424.jpg,Raam,0.921
resized,image_425.jpg,Raam,0.0
resized,image_425.jpg,Deur,0.729
resized,image_425.jpg,Deur,0.9692
resized,image_426.jpg,Raam,0.5039
resized,image_426.jpg,Deur,0.9313
resized,image_426.jpg,Raam,0.0
resized,image_427.jpg,Raam,0.8941
resized,image_427.jpg,Raam,0.8847
resized,image_427.jpg,Raam,0.5977
resized,image_428.jpg,Raam,0.9095
resized,image_428.jpg,Raam,0.5929
resized,image_428.jpg,Deur,0.9004
resized,image_428.jpg,Raam,0.9136
resized,image_429.jpg,Raam,0.9655
resized,image_429.jpg,Raam,0.9429
resized,image_429.jpg,Raam,0.8858
resized,image_429.jpg,Raam,0.917
resized,image_429.jpg,Raam,0.6649
resized,image_429.jpg,Raam,0.6423
resized,image_429.jpg,Raam,0.0
resized,image_429.jpg,Raam,0.944
resized,image_429.jpg,Raam,0.0
resized,image_429.jpg,Deur,0.0
resized,image_429.jpg,Raam,0.6309
resized,image_43.jpg,Raam,0.9036
resized,image_43.jpg,Raam,0.8997
resized,image_43.jpg,Raam,0.0
resized,image_43.jpg,Deur,0.9589
resized,image_43.jpg,Raam,0.0
resized,image_43.jpg,Raam,0.0
resized,image_430.jpg,Raam,0.8853
resized,image_430.jpg,Zonnepaneel,0.9263
resized,image_431.jpg,Raam,0.9702
resized,image_431.jpg,Raam,0.955
resized,image_431.jpg,Raam,0.9258
resized,image_431.jpg,Deur,0.9292
resized,image_431.jpg,Raam,0.5624
resized,image_431.jpg,Raam,0.5477
resized,image_431.jpg,Raam,0.9221
resized,image_431.jpg,Raam,0.5682
resized,image_431.jpg,Raam,0.9591
resized,image_431.jpg,Raam,0.5688
resized,image_431.jpg,Raam,0.9331
resized,image_431.jpg,Raam,0.8977
resized,image_433.jpg,Raam,0.0
resized,image_433.jpg,Raam,0.0
resized,image_433.jpg,Raam,0.8589
resized,image_433.jpg,Deur,0.8598
resized,image_433.jpg,Raam,0.491
resized,image_434.jpg,Raam,0.9675
resized,image_434.jpg,Raam,0.0
resized,image_435.jpg,Deur,0.9551
resized,image_435.jpg,Deur,0.9694
resized,image_436.jpg,Raam,0.0
resized,image_436.jpg,Raam,0.0
resized,image_436.jpg,Raam,0.9542
resized,image_436.jpg,Raam,0.9457
resized,image_436.jpg,Raam,0.9318
resized,image_436.jpg,Raam,0.3337
resized,image_436.jpg,Raam,0.3761
resized,image_437.jpg,Raam,0.8349
resized,image_44.jpg,Raam,0.9139
resized,image_44.jpg,Raam,0.6025
resized,image_440.jpg,Deur,0.9592
resized,image_440.jpg,Raam,0.9715
resized,image_440.jpg,Raam,0.9605
resized,image_440.jpg,Raam,0.0
resized,image_440.jpg,Raam,0.0
resized,image_440.jpg,Raam,0.9387
resized,image_440.jpg,Raam,0.6062
resized,image_440.jpg,Deur,0.6938
resized,image_440.jpg,Raam,0.0
resized,image_440.jpg,Raam,0.0
resized,image_442.jpg,Raam,0.9225
resized,image_442.jpg,Raam,0.9364
resized,image_442.jpg,Raam,0.9355
resized,image_442.jpg,Raam,0.9099
resized,image_442.jpg,Raam,0.8791
resized,image_442.jpg,Raam,0.8948
resized,image_442.jpg,Raam,0.9349
resized,image_442.jpg,Raam,0.8766
resized,image_442.jpg,Raam,0.0
resized,image_442.jpg,Raam,0.8947
resized,image_442.jpg,Deur,0.9553
resized,image_443.jpg,Raam,0.7969
resized,image_443.jpg,Raam,0.9271
resized,image_443.jpg,Raam,0.9386
resized,image_443.jpg,Raam,0.7701
resized,image_445.jpg,Raam,0.876
resized,image_445.jpg,Raam,0.9097
resized,image_446.jpg,Raam,0.9124
resized,image_446.jpg,Raam,0.9425
resized,image_446.jpg,Raam,0.6675
resized,image_446.jpg,Raam,0.7716
resized,image_447.jpg,Deur,0.9392
resized,image_447.jpg,Deur,0.9306
resized,image_447.jpg,Raam,0.9295
resized,image_447.jpg,Raam,0.8997
resized,image_447.jpg,Raam,0.9695
resized,image_447.jpg,Raam,0.891
resized,image_448.jpg,Raam,0.9342
resized,image_448.jpg,Raam,0.0
resized,image_449.jpg,Raam,0.8843
resized,image_449.jpg,Raam,0.898
resized,image_449.jpg,Raam,0.9072
resized,image_45.jpg,Raam,0.9359
resized,image_45.jpg,Raam,0.8295
resized,image_45.jpg,Raam,0.251
resized,image_450.jpg,Deur,0.9583
resized,image_452.jpg,Deur,0.897
resized,image_452.jpg,Deur,0.9723
resized,image_453.jpg,Raam,0.9284
resized,image_453.jpg,Raam,0.8653
resized,image_453.jpg,Raam,0.8141
resized,image_453.jpg,Raam,0.0
resized,image_453.jpg,Raam,0.772
resized,image_453.jpg,Raam,0.0
resized,image_453.jpg,Zonnepaneel,0.0
resized,image_453.jpg,Raam,0.0
resized,image_455.jpg,Raam,0.9164
resized,image_455.jpg,Raam,0.9426
resized,image_455.jpg,Raam,0.8928
resized,image_455.jpg,Raam,0.9054
resized,image_455.jpg,Deur,0.9548
resized,image_455.jpg,Raam,0.8854
resized,image_455.jpg,Raam,0.8238
resized,image_455.jpg,Raam,0.5818
resized,image_455.jpg,Raam,0.5969
resized,image_455.jpg,Raam,0.8886
resized,image_455.jpg,Raam,0.6296
resized,image_455.jpg,Deur,0.9451
resized,image_455.jpg,Raam,0.8524
resized,image_455.jpg,Raam,0.0
resized,image_455.jpg,Deur,0.0
resized,image_455.jpg,Deur,0.9525
resized,image_455.jpg,Raam,0.9245
resized,image_456.jpg,Raam,0.8639
resized,image_456.jpg,Deur,0.9433
resized,image_456.jpg,Deur,0.9625
resized,image_457.jpg,Zonnepaneel,0.93
resized,image_457.jpg,Deur,0.9212
resized,image_457.jpg,Zonnepaneel,0.0
resized,image_457.jpg,Raam,0.8063
resized,image_457.jpg,Raam,0.8832
resized,image_457.jpg,Raam,0.9045
resized,image_458.jpg,Deur,0.9029
resized,image_458.jpg,Deur,0.0
resized,image_459.jpg,Raam,0.8784
resized,image_459.jpg,Raam,0.9246
resized,image_459.jpg,Raam,0.9647
resized,image_459.jpg,Deur,0.8012
resized,image_459.jpg,Raam,0.0
resized,image_46.jpg,Deur,0.0
resized,image_46.jpg,Raam,0.9452
resized,image_46.jpg,Deur,0.9359
resized,image_46.jpg,Raam,0.0
resized,image_46.jpg,Raam,0.3691
resized,image_461.jpg,Raam,0.8792
resized,image_461.jpg,Raam,0.953
resized,image_461.jpg,Raam,0.9475
resized,image_461.jpg,Raam,0.652
resized,image_461.jpg,Raam,0.9672
resized,image_461.jpg,Raam,0.8988
resized,image_461.jpg,Raam,0.9368
resized,image_462.jpg,Raam,0.951
resized,image_462.jpg,Raam,0.9461
resized,image_462.jpg,Raam,0.0027
resized,image_462.jpg,Raam,0.9397
resized,image_463.jpg,Zonnepaneel,0.4632
resized,image_463.jpg,Zonnepaneel,0.4582
resized,image_463.jpg,Raam,0.0
resized,image_463.jpg,Deur,0.9245
resized,image_465.jpg,Deur,0.9533
resized,image_465.jpg,Raam,0.9135
resized,image_465.jpg,Deur,0.8908
resized,image_465.jpg,Raam,0.7861
resized,image_465.jpg,Raam,0.455
resized,image_466.jpg,Raam,0.8761
resized,image_466.jpg,Raam,0.769
resized,image_466.jpg,Deur,0.8049
resized,image_467.jpg,Raam,0.8014
resized,image_467.jpg,Deur,0.9253
resized,image_467.jpg,Raam,0.7646
resized,image_467.jpg,Raam,0.9026
resized,image_467.jpg,Raam,0.8752
resized,image_469.jpg,Deur,0.7657
resized,image_469.jpg,Raam,0.9182
resized,image_469.jpg,Raam,0.951
resized,image_469.jpg,Raam,0.9566
resized,image_469.jpg,Raam,0.0
resized,image_469.jpg,Raam,0.9075
resized,image_47.jpg,Deur,0.9531
resized,image_47.jpg,Raam,0.0
resized,image_47.jpg,Raam,0.9102
resized,image_47.jpg,Deur,0.0
resized,image_470.jpg,Deur,0.9537
resized,image_470.jpg,Raam,0.8919
resized,image_470.jpg,Raam,0.8841
resized,image_470.jpg,Raam,0.8873
resized,image_470.jpg,Raam,0.9006
resized,image_470.jpg,Raam,0.0
resized,image_470.jpg,Raam,0.0
resized,image_470.jpg,Raam,0.0
resized,image_470.jpg,Raam,0.5673
resized,image_470.jpg,Deur,0.0
resized,image_470.jpg,Raam,0.9455
resized,image_470.jpg,Raam,0.0
resized,image_471.jpg,Raam,0.963
resized,image_473.jpg,Raam,0.8774
resized,image_473.jpg,Raam,0.9122
resized,image_473.jpg,Zonnepaneel,0.0
resized,image_473.jpg,Deur,0.5614
resized,image_477.jpg,Raam,0.8982
resized,image_477.jpg,Raam,0.9218
resized,image_477.jpg,Raam,0.9587
resized,image_477.jpg,Raam,0.9063
resized,image_477.jpg,Raam,0.0
resized,image_477.jpg,Raam,0.8484
resized,image_478.jpg,Raam,0.8697
resized,image_478.jpg,Raam,0.6343
resized,image_478.jpg,Raam,0.0
resized,image_479.jpg,Raam,0.7665
resized,image_479.jpg,Raam,0.5215
resized,image_479.jpg,Raam,0.8201
resized,image_479.jpg,Raam,0.905
resized,image_479.jpg,Raam,0.0
resized,image_479.jpg,Deur,0.8918
resized,image_479.jpg,Zonnepaneel,0.0
resized,image_479.jpg,Deur,0.0
resized,image_48.jpg,Raam,0.8896
resized,image_48.jpg,Raam,0.925
resized,image_48.jpg,Raam,0.926
resized,image_48.jpg,Raam,0.0
resized,image_48.jpg,Raam,0.8793
resized,image_48.jpg,Raam,0.0
resized,image_48.jpg,Deur,0.7745
resized,image_48.jpg,Deur,0.0
resized,image_48.jpg,Raam,0.0
resized,image_48.jpg,Raam,0.5919
resized,image_48.jpg,Raam,0.3433
resized,image_480.jpg,Raam,0.8887
resized,image_480.jpg,Raam,0.854
resized,image_480.jpg,Raam,0.8541
resized,image_480.jpg,Raam,0.9357
resized,image_480.jpg,Raam,0.8483
resized,image_480.jpg,Raam,0.9046
resized,image_480.jpg,Raam,0.9461
resized,image_480.jpg,Raam,0.8664
resized,image_480.jpg,Deur,0.2547
resized,image_480.jpg,Raam,0.8925
resized,image_481.jpg,Raam,0.9614
resized,image_481.jpg,Raam,0.0
resized,image_481.jpg,Raam,0.8856
resized,image_481.jpg,Raam,0.0
resized,image_482.jpg,Raam,0.9592
resized,image_482.jpg,Raam,0.9811
resized,image_482.jpg,Raam,0.0
resized,image_483.jpg,Zonnepaneel,0.9435
resized,image_483.jpg,Zonnepaneel,0.9583
resized,image_483.jpg,Zonnepaneel,0.9176
resized,image_483.jpg,Deur,0.9006
resized,image_483.jpg,Raam,0.0
resized,image_484.jpg,Deur,0.4335
resized,image_484.jpg,Raam,0.9451
resized,image_484.jpg,Raam,0.5704
resized,image_484.jpg,Raam,0.7391
resized,image_484.jpg,Deur,0.9131
resized,image_484.jpg,Raam,0.9262
resized,image_484.jpg,Raam,0.5651
resized,image_484.jpg,Raam,0.0
resized,image_484.jpg,Deur,0.4944
resized,image_484.jpg,Raam,0.0
resized,image_485.jpg,Deur,0.9584
resized,image_485.jpg,Raam,0.0
resized,image_485.jpg,Deur,0.9539
resized,image_485.jpg,Raam,0.9391
resized,image_486.jpg,Raam,0.9524
resized,image_486.jpg,Raam,0.9645
resized,image_486.jpg,Raam,0.9307
resized,image_486.jpg,Deur,0.0
resized,image_487.jpg,Raam,0.9182
resized,image_487.jpg,Deur,0.9573
resized,image_487.jpg,Deur,0.9447
resized,image_487.jpg,Raam,0.9502
resized,image_489.jpg,Deur,0.9381
resized,image_489.jpg,Deur,0.8654
resized,image_489.jpg,Deur,0.9147
resized,image_49.jpg,Raam,0.8412
resized,image_49.jpg,Raam,0.831
resized,image_49.jpg,Raam,0.7024
resized,image_49.jpg,Raam,0.5186
resized,image_49.jpg,Raam,0.9477
resized,image_49.jpg,Raam,0.908
resized,image_490.jpg,Raam,0.9787
resized,image_490.jpg,Raam,0.9734
resized,image_490.jpg,Raam,0.9745
resized,image_490.jpg,Raam,0.9608
resized,image_490.jpg,Raam,0.9646
resized,image_490.jpg,Raam,0.9635
resized,image_492.jpg,Raam,0.8713
resized,image_492.jpg,Raam,0.9374
resized,image_492.jpg,Raam,0.7862
resized,image_492.jpg,Raam,0.8517
resized,image_492.jpg,Raam,0.0
resized,image_493.jpg,Raam,0.9265
resized,image_493.jpg,Deur,0.96
resized,image_493.jpg,Raam,0.8868
resized,image_493.jpg,Raam,0.9115
resized,image_493.jpg,Raam,0.933
resized,image_493.jpg,Raam,0.6028
resized,image_493.jpg,Raam,0.9055
resized,image_493.jpg,Raam,0.0
resized,image_493.jpg,Raam,0.5306
resized,image_494.jpg,Raam,0.9302
resized,image_494.jpg,Raam,0.9439
resized,image_494.jpg,Deur,0.0
resized,image_495.jpg,Deur,0.9543
resized,image_495.jpg,Raam,0.9773
resized,image_495.jpg,Deur,0.9589
resized,image_495.jpg,Raam,0.0
resized,image_495.jpg,Raam,0.8141
resized,image_495.jpg,Raam,0.9021
resized,image_495.jpg,Raam,0.0
resized,image_495.jpg,Raam,0.4782
resized,image_496.jpg,Raam,0.6184
resized,image_496.jpg,Deur,0.9693
resized,image_496.jpg,Raam,0.9334
resized,image_496.jpg,Raam,0.857
resized,image_496.jpg,Deur,0.313
resized,image_496.jpg,Raam,0.9093
resized,image_496.jpg,Raam,0.0
resized,image_497.jpg,Deur,0.8138
resized,image_497.jpg,Raam,0.6766
resized,image_497.jpg,Raam,0.9402
resized,image_497.jpg,Deur,0.9608
resized,image_497.jpg,Raam,0.7622
resized,image_497.jpg,Raam,0.9
resized,image_497.jpg,Raam,0.5329
resized,image_51.jpg,Raam,0.9344
resized,image_51.jpg,Deur,0.0
resized,image_51.jpg,Deur,0.0
resized,image_52.jpg,Raam,0.9496
resized,image_52.jpg,Deur,0.9594
resized,image_52.jpg,Raam,0.9373
resized,image_52.jpg,Deur,0.722
resized,image_52.jpg,Raam,0.9349
resized,image_52.jpg,Raam,0.9431
resized,image_52.jpg,Raam,0.0
resized,image_54.jpg,Raam,0.9534
resized,image_54.jpg,Raam,0.9055
resized,image_54.jpg,Deur,0.9605
resized,image_54.jpg,Raam,0.8991
resized,image_54.jpg,Raam,0.9022
resized,image_54.jpg,Raam,0.8676
resized,image_54.jpg,Raam,0.8866
resized,image_54.jpg,Raam,0.7568
resized,image_54.jpg,Deur,0.9445
resized,image_54.jpg,Raam,0.0
resized,image_56.jpg,Raam,0.9561
resized,image_56.jpg,Raam,0.9638
resized,image_56.jpg,Raam,0.9448
resized,image_56.jpg,Raam,0.0
resized,image_56.jpg,Raam,0.0
resized,image_56.jpg,Raam,0.9222
resized,image_57.jpg,Raam,0.8688
resized,image_57.jpg,Raam,0.9152
resized,image_57.jpg,Raam,0.8637
resized,image_57.jpg,Raam,0.0
resized,image_57.jpg,Raam,0.8694
resized,image_59.jpg,Deur,0.9536
resized,image_59.jpg,Deur,0.9759
resized,image_59.jpg,Raam,0.0
resized,image_59.jpg,Raam,0.0
resized,image_59.jpg,Raam,0.3819
resized,image_59.jpg,Raam,0.3104
resized,image_59.jpg,Raam,0.0
resized,image_59.jpg,Raam,0.9581
resized,image_59.jpg,Deur,0.0
resized,image_60.jpg,Zonnepaneel,0.9546
resized,image_60.jpg,Zonnepaneel,0.4111
resized,image_60.jpg,Raam,0.0
resized,image_60.jpg,Raam,0.9644
resized,image_61.jpg,Raam,0.0
resized,image_61.jpg,Raam,0.0
resized,image_61.jpg,Raam,0.0
resized,image_61.jpg,Raam,0.0
resized,image_61.jpg,Raam,0.249
resized,image_61.jpg,Raam,0.0
resized,image_62.jpg,Deur,0.9452
resized,image_62.jpg,Raam,0.7749
resized,image_62.jpg,Raam,0.8821
resized,image_62.jpg,Raam,0.8677
resized,image_62.jpg,Raam,0.864
resized,image_66.jpg,Raam,0.7348
resized,image_69.jpg,Deur,0.9301
resized,image_69.jpg,Deur,0.9006
resized,image_7.jpg,Raam,0.8479
resized,image_7.jpg,Raam,0.0
resized,image_7.jpg,Raam,0.8622
resized,image_7.jpg,Raam,0.0
resized,image_71.jpg,Deur,0.9201
resized,image_71.jpg,Deur,0.8905
resized,image_71.jpg,Raam,0.0
resized,image_71.jpg,Raam,0.9608
resized,image_71.jpg,Raam,0.7711
resized,image_71.jpg,Raam,0.8685
resized,image_72.jpg,Raam,0.9478
resized,image_72.jpg,Raam,0.0
resized,image_72.jpg,Deur,0.9382
resized,image_72.jpg,Raam,0.0
resized,image_72.jpg,Deur,0.9509
resized,image_72.jpg,Raam,0.9138
resized,image_72.jpg,Raam,0.0
resized,image_72.jpg,Deur,0.9216
resized,image_72.jpg,Raam,0.9615
resized,image_72.jpg,Raam,0.9408
resized,image_72.jpg,Deur,0.7096
resized,image_72.jpg,Raam,0.9384
resized,image_72.jpg,Raam,0.8077
resized,image_72.jpg,Raam,0.5219
resized,image_72.jpg,Raam,0.978
resized,image_72.jpg,Raam,0.9433
resized,image_72.jpg,Raam,0.5558
resized,image_72.jpg,Deur,0.9505
resized,image_72.jpg,Raam,0.3863
resized,image_72.jpg,Deur,0.0
resized,image_73.jpg,Deur,0.7143
resized,image_73.jpg,Raam,0.3074
resized,image_77.jpg,Deur,0.933
resized,image_77.jpg,Raam,0.8289
resized,image_77.jpg,Raam,0.941
resized,image_77.jpg,Raam,0.8796
resized,image_78.jpg,Zonnepaneel,0.0
resized,image_78.jpg,Deur,0.9222
resized,image_78.jpg,Zonnepaneel,0.9092
resized,image_78.jpg,Raam,0.9734
resized,image_78.jpg,Zonnepaneel,0.8972
resized,image_78.jpg,Raam,0.9337
resized,image_78.jpg,Raam,0.9185
resized,image_78.jpg,Zonnepaneel,0.0
resized,image_78.jpg,Zonnepaneel,0.0
resized,image_78.jpg,Raam,0.8726
resized,image_78.jpg,Deur,0.9494
resized,image_78.jpg,Zonnepaneel,0.8753
resized,image_78.jpg,Zonnepaneel,0.0
resized,image_78.jpg,Raam,0.9777
resized,image_78.jpg,Raam,0.0
resized,image_78.jpg,Raam,0.0
resized,image_78.jpg,Raam,0.0
resized,image_78.jpg,Deur,0.0
resized,image_78.jpg,Raam,0.845
resized,image_78.jpg,Raam,0.0
resized,image_78.jpg,Raam,0.8994
resized,image_78.jpg,Raam,0.4797
resized,image_78.jpg,Raam,0.0
resized,image_78.jpg,Deur,0.9449
resized,image_78.jpg,Zonnepaneel,0.0
resized,image_78.jpg,Zonnepaneel,0.0
resized,image_78.jpg,Raam,0.0
resized,image_78.jpg,Zonnepaneel,0.2368
resized,image_78.jpg,Zonnepaneel,0.7669
resized,image_78.jpg,Zonnepaneel,0.0001
resized,image_78.jpg,Raam,0.5017
resized,image_78.jpg,Zonnepaneel,0.0
resized,image_78.jpg,Raam,0.9253
resized,image_78.jpg,Raam,0.8879
resized,image_79.jpg,Raam,0.9469
resized,image_79.jpg,Raam,0.9361
resized,image_79.jpg,Raam,0.0
resized,image_79.jpg,Raam,0.8766
resized,image_79.jpg,Raam,0.8679
resized,image_79.jpg,Raam,0.0
resized,image_79.jpg,Raam,0.918
resized,image_79.jpg,Raam,0.0
resized,image_79.jpg,Raam,0.9326
resized,image_79.jpg,Deur,0.9445
resized,image_79.jpg,Raam,0.0
resized,image_79.jpg,Deur,0.0
resized,image_79.jpg,Deur,0.959
resized,image_79.jpg,Deur,0.0
resized,image_79.jpg,Deur,0.3277
resized,image_79.jpg,Deur,0.0
resized,image_8.jpg,Raam,0.0
resized,image_8.jpg,Raam,0.5594
resized,image_8.jpg,Raam,0.0
resized,image_8.jpg,Raam,0.9256
resized,image_8.jpg,Deur,0.8758
resized,image_8.jpg,Raam,0.7474
resized,image_8.jpg,Deur,0.8126
resized,image_8.jpg,Raam,0.4922
resized,image_8.jpg,Raam,0.7568
resized,image_8.jpg,Deur,0.0
resized,image_8.jpg,Raam,0.4911
resized,image_8.jpg,Raam,0.0
resized,image_8.jpg,Raam,0.787
resized,image_8.jpg,Raam,0.9265
resized,image_8.jpg,Raam,0.84
resized,image_8.jpg,Raam,0.912
resized,image_80.jpg,Raam,0.0
resized,image_82.jpg,Raam,0.8964
resized,image_82.jpg,Deur,0.9518
resized,image_82.jpg,Deur,0.0
resized,image_85.jpg,Raam,0.9232
resized,image_85.jpg,Raam,0.0
resized,image_85.jpg,Raam,0.9657
resized,image_85.jpg,Raam,0.0
resized,image_85.jpg,Raam,0.9195
resized,image_85.jpg,Raam,0.5135
resized,image_85.jpg,Raam,0.0
resized,image_85.jpg,Raam,0.8077
resized,image_86.jpg,Raam,0.9331
resized,image_86.jpg,Deur,0.9616
resized,image_86.jpg,Raam,0.8998
resized,image_86.jpg,Deur,0.9543
resized,image_86.jpg,Raam,0.9064
resized,image_86.jpg,Raam,0.9584
resized,image_86.jpg,Raam,0.8959
resized,image_86.jpg,Raam,0.8792
resized,image_87.jpg,Deur,0.9346
resized,image_87.jpg,Raam,0.0
resized,image_87.jpg,Raam,0.0
resized,image_87.jpg,Raam,0.9699
resized,image_87.jpg,Raam,0.8229
resized,image_88.jpg,Raam,0.0
resized,image_88.jpg,Raam,0.0
resized,image_9.jpg,Raam,0.9192
resized,image_9.jpg,Raam,0.9057
resized,image_9.jpg,Raam,0.8625
resized,image_9.jpg,Raam,0.9058
resized,image_9.jpg,Raam,0.9201
resized,image_9.jpg,Raam,0.0
resized,image_90.jpg,Raam,0.9327
resized,image_90.jpg,Raam,0.897
resized,image_90.jpg,Raam,0.3227
resized,image_90.jpg,Raam,0.3268
resized,image_90.jpg,Raam,0.9401
resized,image_90.jpg,Zonnepaneel,0.6246
resized,image_90.jpg,Zonnepaneel,0.0
resized,image_90.jpg,Raam,0.9398
resized,image_90.jpg,Raam,0.9237
resized,image_90.jpg,Raam,0.9033
resized,image_90.jpg,Zonnepaneel,0.0
resized,image_90.jpg,Zonnepaneel,0.0
resized,image_90.jpg,Raam,0.3374
resized,image_91.jpg,Raam,0.957
resized,image_91.jpg,Raam,0.1971
resized,image_91.jpg,Raam,0.6205
resized,image_91.jpg,Raam,0.9567
resized,image_91.jpg,Raam,0.9207
resized,image_91.jpg,Deur,0.9625
resized,image_91.jpg,Raam,0.0052
resized,image_91.jpg,Raam,0.9221
resized,image_91.jpg,Deur,0.9596
resized,image_92.jpg,Raam,0.0
resized,image_92.jpg,Raam,0.9589
resized,image_92.jpg,Raam,0.638
resized,image_92.jpg,Raam,0.91
resized,image_92.jpg,Raam,0.833
resized,image_92.jpg,Deur,0.0
resized,image_92.jpg,Raam,0.0
resized,image_92.jpg,Raam,0.8186
resized,image_93.jpg,Deur,0.9391
resized,image_93.jpg,Raam,0.9662
resized,image_93.jpg,Raam,0.0
resized,image_93.jpg,Raam,0.9571
resized,image_93.jpg,Deur,0.0
resized,image_93.jpg,Raam,0.4599
resized,image_93.jpg,Raam,0.9387
resized,image_93.jpg,Raam,0.9443
resized,image_93.jpg,Deur,0.9667
resized,image_93.jpg,Raam,0.7629
resized,image_93.jpg,Raam,0.9717
resized,image_93.jpg,Deur,0.9004
resized,image_93.jpg,Raam,0.8689
resized,image_93.jpg,Raam,0.9434
resized,image_95.jpg,Deur,0.2279
resized,image_95.jpg,Raam,0.0
resized,image_95.jpg,Raam,0.4652
resized,image_95.jpg,Raam,0.9519
resized,image_96.jpg,Raam,0.9539
resized,image_96.jpg,Raam,0.935
resized,image_96.jpg,Deur,0.9762
resized,image_96.jpg,Raam,0.8949
resized,image_96.jpg,Raam,0.9456
resized,image_96.jpg,Raam,0.9395
resized,image_96.jpg,Raam,0.9238
resized,image_96.jpg,Raam,0.9121
resized,image_97.jpg,Deur,0.9692
resized,image_97.jpg,Raam,0.9417
resized,image_97.jpg,Raam,0.8499
resized,image_97.jpg,Deur,0.9369
resized,image_99.jpg,Raam,0.9668
resized,image_99.jpg,Raam,0.9548
resized,image_99.jpg,Raam,0.9069
resized,image_99.jpg,Raam,0.9415
resized,image_99.jpg,Raam,0.9365
resized,image_99.jpg,Raam,0.8132
resized,image_99.jpg,Raam,0.9058
resized,image_99.jpg,Deur,0.9271
resized,image_99.jpg,Raam,0.8719
grayscale,image_10.jpg,Raam,0.9677
grayscale,image_10.jpg,Raam,0.0
grayscale,image_10.jpg,Zonnepaneel,0.0
grayscale,image_10.jpg,Raam,0.792
grayscale,image_103.jpg,Raam,0.9751
grayscale,image_103.jpg,Raam,0.9433
grayscale,image_103.jpg,Deur,0.9387
grayscale,image_103.jpg,Raam,0.9774
grayscale,image_103.jpg,Raam,0.9724
grayscale,image_103.jpg,Raam,0.8954
grayscale,image_103.jpg,Raam,0.9825
grayscale,image_103.jpg,Raam,0.9504
grayscale,image_103.jpg,Deur,0.9716
grayscale,image_103.jpg,Raam,0.9642
grayscale,image_103.jpg,Raam,0.9858
grayscale,image_103.jpg,Raam,0.9317
grayscale,image_103.jpg,Raam,0.8988
grayscale,image_103.jpg,Raam,0.9779
grayscale,image_104.jpg,Deur,0.976
grayscale,image_104.jpg,Deur,0.9618
grayscale,image_104.jpg,Deur,0.0002
grayscale,image_104.jpg,Raam,0.0
grayscale,image_104.jpg,Raam,0.9397
grayscale,image_104.jpg,Raam,0.9584
grayscale,image_105.jpg,Deur,0.9725
grayscale,image_105.jpg,Raam,0.9576
grayscale,image_105.jpg,Raam,0.2706
grayscale,image_107.jpg,Deur,0.9898
grayscale,image_107.jpg,Raam,0.9952
grayscale,image_107.jpg,Raam,0.9723
grayscale,image_107.jpg,Raam,0.9425
grayscale,image_109.jpg,Raam,0.9974
grayscale,image_109.jpg,Deur,0.9779
grayscale,image_109.jpg,Raam,0.9276
grayscale,image_109.jpg,Deur,0.9872
grayscale,image_109.jpg,Deur,0.0
grayscale,image_109.jpg,Deur,0.9629
grayscale,image_110.jpg,Raam,0.993
grayscale,image_110.jpg,Raam,0.9962
grayscale,image_110.jpg,Raam,0.9904
grayscale,image_110.jpg,Raam,0.9542
grayscale,image_110.jpg,Raam,0.9287
grayscale,image_110.jpg,Raam,0.9824
grayscale,image_110.jpg,Raam,0.9514
grayscale,image_110.jpg,Raam,0.9947
grayscale,image_110.jpg,Raam,0.9871
grayscale,image_110.jpg,Raam,0.9952
grayscale,image_110.jpg,Raam,0.972
grayscale,image_110.jpg,Raam,0.9815
grayscale,image_110.jpg,Deur,0.0
grayscale,image_110.jpg,Raam,0.0
grayscale,image_111.jpg,Raam,0.9568
grayscale,image_111.jpg,Raam,0.9695
grayscale,image_111.jpg,Raam,0.9579
grayscale,image_111.jpg,Raam,0.993
grayscale,image_111.jpg,Raam,0.0
grayscale,image_111.jpg,Deur,0.959
grayscale,image_111.jpg,Raam,0.9715
grayscale,image_111.jpg,Raam,0.9416
grayscale,image_111.jpg,Raam,0.9636
grayscale,image_111.jpg,Raam,0.9089
grayscale,image_112.jpg,Raam,0.9818
grayscale,image_112.jpg,Raam,0.9734
grayscale,image_112.jpg,Raam,0.9834
grayscale,image_112.jpg,Deur,0.9576
grayscale,image_112.jpg,Raam,0.9745
grayscale,image_113.jpg,Raam,0.9818
grayscale,image_113.jpg,Raam,0.9651
grayscale,image_113.jpg,Deur,0.911
grayscale,image_113.jpg,Raam,0.9762
grayscale,image_113.jpg,Raam,0.9691
grayscale,image_113.jpg,Raam,0.8655
grayscale,image_113.jpg,Raam,0.9267
grayscale,image_113.jpg,Raam,0.9713
grayscale,image_114.jpg,Raam,0.9889
grayscale,image_114.jpg,Deur,0.9798
grayscale,image_114.jpg,Raam,0.9612
grayscale,image_114.jpg,Deur,0.9904
grayscale,image_114.jpg,Raam,0.9705
grayscale,image_114.jpg,Raam,0.9405
grayscale,image_114.jpg,Raam,0.9854
grayscale,image_114.jpg,Raam,0.958
grayscale,image_114.jpg,Raam,0.9789
grayscale,image_114.jpg,Raam,0.9853
grayscale,image_123.jpg,Raam,0.9816
grayscale,image_123.jpg,Deur,0.9837
grayscale,image_123.jpg,Zonnepaneel,0.9489
grayscale,image_123.jpg,Raam,0.9566
grayscale,image_123.jpg,Raam,0.914
grayscale,image_123.jpg,Raam,0.9505
grayscale,image_123.jpg,Deur,0.9593
grayscale,image_124.jpg,Raam,0.9592
grayscale,image_124.jpg,Raam,0.9752
grayscale,image_124.jpg,Raam,0.9348
grayscale,image_124.jpg,Deur,0.9446
grayscale,image_124.jpg,Raam,0.9621
grayscale,image_124.jpg,Raam,0.887
grayscale,image_124.jpg,Raam,0.913
grayscale,image_124.jpg,Raam,0.4296
grayscale,image_124.jpg,Deur,0.8994
grayscale,image_126.jpg,Deur,0.0
grayscale,image_126.jpg,Raam,0.9858
grayscale,image_126.jpg,Raam,0.9766
grayscale,image_126.jpg,Raam,0.9453
grayscale,image_126.jpg,Raam,0.9713
grayscale,image_126.jpg,Raam,0.9404
grayscale,image_126.jpg,Raam,0.9327
grayscale,image_126.jpg,Raam,0.9872
grayscale,image_126.jpg,Raam,0.9388
grayscale,image_126.jpg,Raam,0.9682
grayscale,image_126.jpg,Raam,0.9359
grayscale,image_126.jpg,Zonnepaneel,0.9427
grayscale,image_126.jpg,Zonnepaneel,0.0
grayscale,image_126.jpg,Raam,0.9882
grayscale,image_126.jpg,Raam,0.951
grayscale,image_126.jpg,Raam,0.9357
grayscale,image_126.jpg,Raam,0.9065
grayscale,image_126.jpg,Deur,0.806
grayscale,image_129.jpg,Raam,0.9198
grayscale,image_129.jpg,Raam,0.9231
grayscale,image_129.jpg,Raam,0.9237
grayscale,image_129.jpg,Raam,0.0
grayscale,image_13.jpg,Raam,0.9855
grayscale,image_13.jpg,Raam,0.9825
grayscale,image_13.jpg,Raam,0.9905
grayscale,image_130.jpg,Deur,0.9474
grayscale,image_130.jpg,Raam,0.9848
grayscale,image_130.jpg,Deur,0.9677
grayscale,image_130.jpg,Raam,0.5588
grayscale,image_130.jpg,Raam,0.9319
grayscale,image_131.jpg,Raam,0.9764
grayscale,image_131.jpg,Raam,0.9855
grayscale,image_131.jpg,Deur,0.9174
grayscale,image_131.jpg,Deur,0.9656
grayscale,image_131.jpg,Raam,0.9143
grayscale,image_131.jpg,Deur,0.972
grayscale,image_131.jpg,Raam,0.9336
grayscale,image_131.jpg,Raam,0.0
grayscale,image_131.jpg,Raam,0.4835
grayscale,image_131.jpg,Raam,0.9253
grayscale,image_131.jpg,Raam,0.9491
grayscale,image_132.jpg,Deur,0.9527
grayscale,image_132.jpg,Deur,0.963
grayscale,image_132.jpg,Deur,0.9445
grayscale,image_132.jpg,Deur,0.9662
grayscale,image_133.jpg,Raam,0.9496
grayscale,image_133.jpg,Raam,0.9628
grayscale,image_133.jpg,Raam,0.9546
grayscale,image_133.jpg,Deur,0.6593
grayscale,image_133.jpg,Deur,0.0
grayscale,image_133.jpg,Raam,0.9458
grayscale,image_133.jpg,Raam,0.6575
grayscale,image_135.jpg,Deur,0.9367
grayscale,image_135.jpg,Raam,0.9761
grayscale,image_135.jpg,Raam,0.998
grayscale,image_135.jpg,Raam,0.9912
grayscale,image_136.jpg,Raam,0.9611
grayscale,image_136.jpg,Raam,0.9833
grayscale,image_136.jpg,Raam,0.9607
grayscale,image_136.jpg,Deur,0.9679
grayscale,image_136.jpg,Deur,0.9787
grayscale,image_136.jpg,Raam,0.0
grayscale,image_136.jpg,Raam,0.0
grayscale,image_137.jpg,Raam,0.7612
grayscale,image_137.jpg,Raam,0.9707
grayscale,image_137.jpg,Raam,0.0022
grayscale,image_137.jpg,Raam,0.9821
grayscale,image_138.jpg,Raam,0.9669
grayscale,image_138.jpg,Raam,0.9134
grayscale,image_138.jpg,Raam,0.9789
grayscale,image_138.jpg,Deur,0.986
grayscale,image_138.jpg,Raam,0.9777
grayscale,image_138.jpg,Raam,0.9704
grayscale,image_138.jpg,Raam,0.9745
grayscale,image_138.jpg,Raam,0.9601
grayscale,image_138.jpg,Raam,0.963
grayscale,image_139.jpg,Raam,0.9925
grayscale,image_139.jpg,Raam,0.993
grayscale,image_139.jpg,Raam,0.9346
grayscale,image_139.jpg,Raam,0.9878
grayscale,image_139.jpg,Raam,0.9867
grayscale,image_139.jpg,Raam,0.9865
grayscale,image_139.jpg,Raam,0.9911
grayscale,image_139.jpg,Deur,0.9813
grayscale,image_139.jpg,Deur,0.0
grayscale,image_139.jpg,Raam,0.9805
grayscale,image_139.jpg,Deur,0.9287
grayscale,image_139.jpg,Raam,0.0
grayscale,image_14.jpg,Deur,0.9525
grayscale,image_14.jpg,Deur,0.983
grayscale,image_14.jpg,Raam,0.9568
grayscale,image_141.jpg,Raam,0.9745
grayscale,image_141.jpg,Deur,0.8821
grayscale,image_141.jpg,Raam,0.0
grayscale,image_141.jpg,Zonnepaneel,0.0
grayscale,image_146.jpg,Raam,0.9835
grayscale,image_146.jpg,Deur,0.938
grayscale,image_146.jpg,Raam,0.99
grayscale,image_146.jpg,Raam,0.976
grayscale,image_146.jpg,Raam,0.9194
grayscale,image_146.jpg,Raam,0.9862
grayscale,image_146.jpg,Raam,0.9882
grayscale,image_146.jpg,Raam,0.9521
grayscale,image_146.jpg,Raam,0.9908
grayscale,image_146.jpg,Raam,0.0
grayscale,image_146.jpg,Raam,0.6001
grayscale,image_147.jpg,Raam,0.9372
grayscale,image_147.jpg,Raam,0.9636
grayscale,image_147.jpg,Raam,0.8941
grayscale,image_147.jpg,Zonnepaneel,0.9505
grayscale,image_147.jpg,Zonnepaneel,0.8888
grayscale,image_147.jpg,Zonnepaneel,0.0
grayscale,image_148.jpg,Raam,0.9845
grayscale,image_148.jpg,Deur,0.9808
grayscale,image_148.jpg,Raam,0.986
grayscale,image_148.jpg,Raam,0.9442
grayscale,image_148.jpg,Deur,0.9491
grayscale,image_148.jpg,Raam,0.9447
grayscale,image_148.jpg,Deur,0.9691
grayscale,image_148.jpg,Raam,0.9576
grayscale,image_148.jpg,Raam,0.9487
grayscale,image_148.jpg,Deur,0.7098
grayscale,image_148.jpg,Deur,0.9869
grayscale,image_15.jpg,Zonnepaneel,0.9524
grayscale,image_15.jpg,Deur,0.9718
grayscale,image_15.jpg,Raam,0.9697
grayscale,image_15.jpg,Deur,0.9647
grayscale,image_151.jpg,Raam,0.9319
grayscale,image_156.jpg,Raam,0.9694
grayscale,image_156.jpg,Raam,0.9631
grayscale,image_156.jpg,Raam,0.9866
grayscale,image_156.jpg,Raam,0.9474
grayscale,image_157.jpg,Deur,0.983
grayscale,image_157.jpg,Deur,0.9366
grayscale,image_157.jpg,Raam,0.9306
grayscale,image_157.jpg,Raam,0.9901
grayscale,image_157.jpg,Raam,0.0
grayscale,image_157.jpg,Raam,0.964
grayscale,image_157.jpg,Deur,0.0
grayscale,image_157.jpg,Deur,0.0
grayscale,image_157.jpg,Raam,0.0
grayscale,image_157.jpg,Raam,0.9684
grayscale,image_157.jpg,Raam,0.0
grayscale,image_157.jpg,Raam,0.0
grayscale,image_157.jpg,Raam,0.9631
grayscale,image_157.jpg,Raam,0.5161
grayscale,image_158.jpg,Raam,0.9298
grayscale,image_158.jpg,Raam,0.9042
grayscale,image_158.jpg,Raam,0.9618
grayscale,image_158.jpg,Raam,0.9676
grayscale,image_158.jpg,Raam,0.0
grayscale,image_158.jpg,Raam,0.9661
grayscale,image_158.jpg,Raam,0.9618
grayscale,image_158.jpg,Raam,0.0
grayscale,image_158.jpg,Raam,0.0
grayscale,image_159.jpg,Deur,0.9651
grayscale,image_159.jpg,Raam,0.9507
grayscale,image_159.jpg,Raam,0.9684
grayscale,image_159.jpg,Deur,0.9364
grayscale,image_159.jpg,Raam,0.9766
grayscale,image_159.jpg,Raam,0.8943
grayscale,image_159.jpg,Raam,0.8295
grayscale,image_159.jpg,Raam,0.9718
grayscale,image_159.jpg,Deur,0.9203
grayscale,image_160.jpg,Raam,0.9927
grayscale,image_160.jpg,Raam,0.9132
grayscale,image_160.jpg,Raam,0.992
grayscale,image_160.jpg,Zonnepaneel,0.978
grayscale,image_160.jpg,Raam,0.9411
grayscale,image_160.jpg,Raam,0.9455
grayscale,image_160.jpg,Raam,0.9813
grayscale,image_160.jpg,Raam,0.6771
grayscale,image_160.jpg,Raam,0.9902
grayscale,image_160.jpg,Raam,0.9591
grayscale,image_160.jpg,Raam,0.0
grayscale,image_160.jpg,Raam,0.8481
grayscale,image_160.jpg,Deur,0.8893
grayscale,image_161.jpg,Raam,0.8478
grayscale,image_161.jpg,Raam,0.9838
grayscale,image_161.jpg,Raam,0.9321
grayscale,image_161.jpg,Deur,0.9832
grayscale,image_161.jpg,Deur,0.0
grayscale,image_161.jpg,Raam,0.9597
grayscale,image_162.jpg,Raam,0.9549
grayscale,image_162.jpg,Raam,0.9918
grayscale,image_162.jpg,Raam,0.9265
grayscale,image_162.jpg,Raam,0.9445
grayscale,image_165.jpg,Raam,0.9638
grayscale,image_165.jpg,Raam,0.9872
grayscale,image_165.jpg,Deur,0.9859
grayscale,image_165.jpg,Raam,0.9607
grayscale,image_165.jpg,Raam,0.0
grayscale,image_165.jpg,Deur,0.4593
grayscale,image_169.jpg,Raam,0.9632
grayscale,image_169.jpg,Deur,0.9763
grayscale,image_17.jpg,Raam,0.9779
grayscale,image_17.jpg,Raam,0.8027
grayscale,image_17.jpg,Raam,0.8373
grayscale,image_17.jpg,Raam,0.0
grayscale,image_17.jpg,Raam,0.9155
grayscale,image_17.jpg,Raam,0.0
grayscale,image_17.jpg,Raam,0.9033
grayscale,image_17.jpg,Raam,0.0
grayscale,image_17.jpg,Raam,0.9541
grayscale,image_171.jpg,Raam,0.8702
grayscale,image_171.jpg,Deur,0.933
grayscale,image_171.jpg,Zonnepaneel,0.9533
grayscale,image_171.jpg,Raam,0.952
grayscale,image_171.jpg,Raam,0.0
grayscale,image_171.jpg,Raam,0.9622
grayscale,image_171.jpg,Raam,0.6969
grayscale,image_172.jpg,Raam,0.9287
grayscale,image_172.jpg,Raam,0.8595
grayscale,image_172.jpg,Raam,0.9478
grayscale,image_172.jpg,Deur,0.7237
grayscale,image_174.jpg,Raam,0.9488
grayscale,image_174.jpg,Raam,0.97
grayscale,image_174.jpg,Raam,0.9419
grayscale,image_174.jpg,Deur,0.9001
grayscale,image_174.jpg,Raam,0.9884
grayscale,image_174.jpg,Raam,0.6717
grayscale,image_175.jpg,Raam,0.877
grayscale,image_175.jpg,Raam,0.9424
grayscale,image_175.jpg,Raam,0.9484
grayscale,image_175.jpg,Deur,0.9399
grayscale,image_175.jpg,Deur,0.0
grayscale,image_176.jpg,Raam,0.9841
grayscale,image_176.jpg,Raam,0.9742
grayscale,image_176.jpg,Raam,0.8522
grayscale,image_176.jpg,Raam,0.9919
grayscale,image_176.jpg,Deur,0.9596
grayscale,image_176.jpg,Raam,0.0
grayscale,image_176.jpg,Raam,0.9772
grayscale,image_176.jpg,Deur,0.9567
grayscale,image_176.jpg,Raam,0.9721
grayscale,image_176.jpg,Raam,0.0
grayscale,image_176.jpg,Raam,0.0
grayscale,image_176.jpg,Deur,0.9431
grayscale,image_177.jpg,Raam,0.919
grayscale,image_177.jpg,Deur,0.8228
grayscale,image_177.jpg,Raam,0.0
grayscale,image_179.jpg,Raam,0.9603
grayscale,image_179.jpg,Raam,0.9569
grayscale,image_179.jpg,Raam,0.9814
grayscale,image_179.jpg,Raam,0.9709
grayscale,image_179.jpg,Raam,0.9656
grayscale,image_18.jpg,Raam,0.9883
grayscale,image_18.jpg,Raam,0.9741
grayscale,image_18.jpg,Raam,0.9857
grayscale,image_18.jpg,Raam,0.8749
grayscale,image_18.jpg,Raam,0.9756
grayscale,image_18.jpg,Raam,0.962
grayscale,image_18.jpg,Raam,0.9424
grayscale,image_18.jpg,Raam,0.9585
grayscale,image_18.jpg,Raam,0.0
grayscale,image_180.jpg,Raam,0.9837
grayscale,image_180.jpg,Zonnepaneel,0.9639
grayscale,image_180.jpg,Raam,0.9826
grayscale,image_180.jpg,Raam,0.9491
grayscale,image_180.jpg,Raam,0.9911
grayscale,image_180.jpg,Raam,0.8685
grayscale,image_180.jpg,Raam,0.0
grayscale,image_180.jpg,Raam,0.0
grayscale,image_182.jpg,Raam,0.9894
grayscale,image_182.jpg,Raam,0.9838
grayscale,image_182.jpg,Deur,0.9865
grayscale,image_182.jpg,Raam,0.96
grayscale,image_182.jpg,Raam,0.9497
grayscale,image_182.jpg,Deur,0.9595
grayscale,image_182.jpg,Raam,0.9894
grayscale,image_182.jpg,Raam,0.2674
grayscale,image_182.jpg,Deur,0.9175
grayscale,image_182.jpg,Raam,0.9763
grayscale,image_182.jpg,Raam,0.0
grayscale,image_182.jpg,Raam,0.9263
grayscale,image_183.jpg,Raam,0.9255
grayscale,image_183.jpg,Raam,0.8948
grayscale,image_183.jpg,Raam,0.9178
grayscale,image_183.jpg,Raam,0.9178
grayscale,image_183.jpg,Raam,0.9883
grayscale,image_183.jpg,Raam,0.7987
grayscale,image_183.jpg,Raam,0.9362
grayscale,image_183.jpg,Raam,0.9926
grayscale,image_183.jpg,Deur,0.0
grayscale,image_184.jpg,Zonnepaneel,0.9569
grayscale,image_184.jpg,Zonnepaneel,0.0
grayscale,image_184.jpg,Raam,0.9179
grayscale,image_184.jpg,Raam,0.9316
grayscale,image_185.jpg,Raam,0.0
grayscale,image_185.jpg,Zonnepaneel,0.9737
grayscale,image_185.jpg,Zonnepaneel,0.9631
grayscale,image_185.jpg,Deur,0.0
grayscale,image_187.jpg,Raam,0.9839
grayscale,image_187.jpg,Raam,0.9296
grayscale,image_187.jpg,Raam,0.9447
grayscale,image_187.jpg,Raam,0.9719
grayscale,image_187.jpg,Deur,0.9175
grayscale,image_187.jpg,Deur,0.9256
grayscale,image_187.jpg,Raam,0.0
grayscale,image_187.jpg,Raam,0.893
grayscale,image_187.jpg,Raam,0.9759
grayscale,image_187.jpg,Raam,0.9659
grayscale,image_187.jpg,Raam,0.0
grayscale,image_19.jpg,Raam,0.9579
grayscale,image_19.jpg,Deur,0.96
grayscale,image_191.jpg,Raam,0.9613
grayscale,image_191.jpg,Raam,0.9725
grayscale,image_191.jpg,Raam,0.96
grayscale,image_193.jpg,Raam,0.9394
grayscale,image_193.jpg,Raam,0.9611
grayscale,image_193.jpg,Raam,0.9738
grayscale,image_193.jpg,Raam,0.9897
grayscale,image_193.jpg,Raam,0.9919
grayscale,image_193.jpg,Raam,0.9526
grayscale,image_193.jpg,Raam,0.9526
grayscale,image_193.jpg,Raam,0.9634
grayscale,image_193.jpg,Deur,0.0
grayscale,image_193.jpg,Raam,0.9722
grayscale,image_193.jpg,Deur,0.9014
grayscale,image_193.jpg,Raam,0.9915
grayscale,image_193.jpg,Raam,0.9388
grayscale,image_195.jpg,Deur,0.9919
grayscale,image_195.jpg,Raam,0.9882
grayscale,image_195.jpg,Raam,0.9758
grayscale,image_195.jpg,Deur,0.9858
grayscale,image_195.jpg,Raam,0.9879
grayscale,image_195.jpg,Deur,0.9631
grayscale,image_195.jpg,Raam,0.9531
grayscale,image_195.jpg,Raam,0.983
grayscale,image_195.jpg,Deur,0.9868
grayscale,image_195.jpg,Raam,0.9865
grayscale,image_195.jpg,Raam,0.9884
grayscale,image_195.jpg,Raam,0.9937
grayscale,image_195.jpg,Raam,0.0
grayscale,image_197.jpg,Raam,0.9786
grayscale,image_197.jpg,Raam,0.0
grayscale,image_197.jpg,Raam,0.9893
grayscale,image_197.jpg,Raam,0.7896
grayscale,image_197.jpg,Deur,0.9729
grayscale,image_197.jpg,Raam,0.9831
grayscale,image_197.jpg,Raam,0.0
grayscale,image_197.jpg,Raam,0.954
grayscale,image_197.jpg,Deur,0.9427
grayscale,image_197.jpg,Raam,0.9495
grayscale,image_198.jpg,Raam,0.9702
grayscale,image_198.jpg,Raam,0.9754
grayscale,image_198.jpg,Raam,0.9794
grayscale,image_198.jpg,Raam,0.862
grayscale,image_198.jpg,Raam,0.9746
grayscale,image_200.jpg,Deur,0.9719
grayscale,image_200.jpg,Raam,0.9663
grayscale,image_200.jpg,Raam,0.9272
grayscale,image_200.jpg,Raam,0.0
grayscale,image_200.jpg,Raam,0.0
grayscale,image_200.jpg,Raam,0.0
grayscale,image_201.jpg,Raam,0.9685
grayscale,image_201.jpg,Raam,0.9615
grayscale,image_201.jpg,Raam,0.9849
grayscale,image_201.jpg,Raam,0.9842
grayscale,image_201.jpg,Raam,0.9563
grayscale,image_201.jpg,Raam,0.9762
grayscale,image_201.jpg,Raam,0.9863
grayscale,image_201.jpg,Raam,0.0
grayscale,image_201.jpg,Raam,0.9541
grayscale,image_201.jpg,Raam,0.9709
grayscale,image_201.jpg,Raam,0.8779
grayscale,image_201.jpg,Raam,0.9848
grayscale,image_201.jpg,Raam,0.9608
grayscale,image_201.jpg,Deur,0.9787
grayscale,image_201.jpg,Raam,0.9741
grayscale,image_201.jpg,Raam,0.6342
grayscale,image_201.jpg,Raam,0.9737
grayscale,image_202.jpg,Raam,0.9805
grayscale,image_202.jpg,Raam,0.9865
grayscale,image_202.jpg,Deur,0.9897
grayscale,image_202.jpg,Deur,0.0
grayscale,image_202.jpg,Raam,0.9543
grayscale,image_202.jpg,Raam,0.9632
grayscale,image_202.jpg,Raam,0.9787
grayscale,image_202.jpg,Raam,0.0
grayscale,image_204.jpg,Deur,0.9657
grayscale,image_204.jpg,Raam,0.9888
grayscale,image_206.jpg,Raam,0.9743
grayscale,image_206.jpg,Deur,0.9797
grayscale,image_206.jpg,Deur,0.9938
grayscale,image_206.jpg,Deur,0.9507
grayscale,image_206.jpg,Raam,0.967
grayscale,image_206.jpg,Raam,0.9757
grayscale,image_206.jpg,Deur,0.9781
grayscale,image_206.jpg,Deur,0.9208
grayscale,image_206.jpg,Raam,0.9818
grayscale,image_206.jpg,Raam,0.9429
grayscale,image_206.jpg,Raam,0.9243
grayscale,image_206.jpg,Raam,0.8905
grayscale,image_206.jpg,Raam,0.9948
grayscale,image_206.jpg,Raam,0.0
grayscale,image_207.jpg,Deur,0.9917
grayscale,image_207.jpg,Deur,0.0
grayscale,image_207.jpg,Raam,0.9648
grayscale,image_207.jpg,Raam,0.9847
grayscale,image_208.jpg,Raam,0.9057
grayscale,image_208.jpg,Deur,0.9845
grayscale,image_208.jpg,Raam,0.9531
grayscale,image_208.jpg,Raam,0.9598
grayscale,image_208.jpg,Raam,0.9734
grayscale,image_208.jpg,Raam,0.9075
grayscale,image_208.jpg,Raam,0.9641
grayscale,image_209.jpg,Zonnepaneel,0.9781
grayscale,image_209.jpg,Deur,0.9713
grayscale,image_209.jpg,Raam,0.0
grayscale,image_209.jpg,Raam,0.8341
grayscale,image_209.jpg,Raam,0.8595
grayscale,image_209.jpg,Deur,0.0
grayscale,image_210.jpg,Zonnepaneel,0.9885
grayscale,image_210.jpg,Zonnepaneel,0.9848
grayscale,image_210.jpg,Zonnepaneel,0.9547
grayscale,image_210.jpg,Raam,0.0
grayscale,image_213.jpg,Raam,0.9361
grayscale,image_213.jpg,Raam,0.0
grayscale,image_213.jpg,Deur,0.9418
grayscale,image_213.jpg,Raam,0.0
grayscale,image_214.jpg,Deur,0.987
grayscale,image_214.jpg,Raam,0.9425
grayscale,image_214.jpg,Raam,0.9803
grayscale,image_214.jpg,Raam,0.9735
grayscale,image_214.jpg,Deur,0.9857
grayscale,image_214.jpg,Raam,0.9513
grayscale,image_214.jpg,Raam,0.9638
grayscale,image_214.jpg,Raam,0.9789
grayscale,image_214.jpg,Deur,0.9596
grayscale,image_216.jpg,Deur,0.9907
grayscale,image_216.jpg,Raam,0.9725
grayscale,image_216.jpg,Zonnepaneel,0.9842
grayscale,image_216.jpg,Deur,0.9639
grayscale,image_216.jpg,Raam,0.9596
grayscale,image_216.jpg,Deur,0.9753
grayscale,image_216.jpg,Raam,0.95
grayscale,image_217.jpg,Raam,0.9573
grayscale,image_217.jpg,Raam,0.9084
grayscale,image_217.jpg,Raam,0.9103
grayscale,image_217.jpg,Raam,0.9402
grayscale,image_217.jpg,Raam,0.5445
grayscale,image_218.jpg,Raam,0.9948
grayscale,image_218.jpg,Raam,0.8872
grayscale,image_218.jpg,Raam,0.9612
grayscale,image_218.jpg,Raam,0.9802
grayscale,image_218.jpg,Raam,0.9897
grayscale,image_218.jpg,Raam,0.9623
grayscale,image_218.jpg,Raam,0.9239
grayscale,image_218.jpg,Raam,0.8939
grayscale,image_218.jpg,Deur,0.8892
grayscale,image_218.jpg,Deur,0.9627
grayscale,image_218.jpg,Deur,0.0
grayscale,image_218.jpg,Raam,0.8799
grayscale,image_218.jpg,Raam,0.0
grayscale,image_218.jpg,Raam,0.0
grayscale,image_218.jpg,Raam,0.5405
grayscale,image_221.jpg,Raam,0.9744
grayscale,image_221.jpg,Raam,0.9553
grayscale,image_221.jpg,Raam,0.9637
grayscale,image_221.jpg,Raam,0.9762
grayscale,image_221.jpg,Deur,0.0
grayscale,image_221.jpg,Raam,0.9881
grayscale,image_221.jpg,Deur,0.0
grayscale,image_222.jpg,Raam,0.987
grayscale,image_222.jpg,Deur,0.9676
grayscale,image_222.jpg,Deur,0.0
grayscale,image_222.jpg,Raam,0.9844
grayscale,image_223.jpg,Raam,0.0
grayscale,image_223.jpg,Raam,0.9899
grayscale,image_223.jpg,Raam,0.9333
grayscale,image_223.jpg,Raam,0.8925
grayscale,image_223.jpg,Raam,0.944
grayscale,image_223.jpg,Raam,0.9177
grayscale,image_223.jpg,Raam,0.0
grayscale,image_226.jpg,Raam,0.9735
grayscale,image_226.jpg,Raam,0.9922
grayscale,image_226.jpg,Raam,0.9425
grayscale,image_226.jpg,Raam,0.9861
grayscale,image_226.jpg,Deur,0.9184
grayscale,image_226.jpg,Raam,0.9965
grayscale,image_226.jpg,Deur,0.9963
grayscale,image_226.jpg,Raam,0.9868
grayscale,image_226.jpg,Deur,0.9613
grayscale,image_226.jpg,Raam,0.9724
grayscale,image_226.jpg,Deur,0.9885
grayscale,image_226.jpg,Raam,0.5113
grayscale,image_226.jpg,Raam,0.7984
grayscale,image_226.jpg,Raam,0.984
grayscale,image_226.jpg,Raam,0.0
grayscale,image_226.jpg,Raam,0.967
grayscale,image_227.jpg,Zonnepaneel,0.9298
grayscale,image_227.jpg,Raam,0.9709
grayscale,image_227.jpg,Deur,0.9911
grayscale,image_227.jpg,Raam,0.9532
grayscale,image_227.jpg,Zonnepaneel,0.0
grayscale,image_228.jpg,Raam,0.974
grayscale,image_23.jpg,Deur,0.9859
grayscale,image_23.jpg,Raam,0.9167
grayscale,image_23.jpg,Raam,0.8447
grayscale,image_23.jpg,Raam,0.9615
grayscale,image_23.jpg,Raam,0.9405
grayscale,image_23.jpg,Raam,0.9441
grayscale,image_23.jpg,Raam,0.0
grayscale,image_231.jpg,Raam,0.0
grayscale,image_231.jpg,Deur,0.5361
grayscale,image_231.jpg,Raam,0.9845
grayscale,image_232.jpg,Raam,0.9704
grayscale,image_232.jpg,Raam,0.9919
grayscale,image_232.jpg,Raam,0.9504
grayscale,image_232.jpg,Raam,0.9775
grayscale,image_232.jpg,Raam,0.9178
grayscale,image_232.jpg,Zonnepaneel,0.9434
grayscale,image_232.jpg,Deur,0.0
grayscale,image_234.jpg,Raam,0.9805
grayscale,image_234.jpg,Raam,0.9922
grayscale,image_234.jpg,Raam,0.9699
grayscale,image_234.jpg,Deur,0.9873
grayscale,image_234.jpg,Raam,0.9784
grayscale,image_234.jpg,Zonnepaneel,0.8859
grayscale,image_234.jpg,Raam,0.9818
grayscale,image_234.jpg,Raam,0.9628
grayscale,image_234.jpg,Raam,0.976
grayscale,image_234.jpg,Deur,0.9848
grayscale,image_234.jpg,Raam,0.975
grayscale,image_234.jpg,Deur,0.0
grayscale,image_234.jpg,Raam,0.0
grayscale,image_235.jpg,Raam,0.9779
grayscale,image_235.jpg,Raam,0.9858
grayscale,image_235.jpg,Raam,0.9527
grayscale,image_235.jpg,Deur,0.8309
grayscale,image_235.jpg,Raam,0.0
grayscale,image_235.jpg,Raam,0.9511
grayscale,image_235.jpg,Deur,0.9024
grayscale,image_235.jpg,Raam,0.0
grayscale,image_235.jpg,Raam,0.0
grayscale,image_235.jpg,Raam,0.9456
grayscale,image_235.jpg,Raam,0.0
grayscale,image_236.jpg,Raam,0.9897
grayscale,image_236.jpg,Raam,0.9866
grayscale,image_236.jpg,Raam,0.8974
grayscale,image_236.jpg,Deur,0.9514
grayscale,image_237.jpg,Raam,0.9845
grayscale,image_237.jpg,Raam,0.9859
grayscale,image_237.jpg,Raam,0.8942
grayscale,image_237.jpg,Raam,0.9793
grayscale,image_237.jpg,Raam,0.0
grayscale,image_238.jpg,Raam,0.6673
grayscale,image_239.jpg,Raam,0.9695
grayscale,image_239.jpg,Raam,0.9586
grayscale,image_239.jpg,Raam,0.9674
grayscale,image_24.jpg,Raam,0.9874
grayscale,image_24.jpg,Raam,0.9613
grayscale,image_24.jpg,Raam,0.984
grayscale,image_24.jpg,Raam,0.9807
grayscale,image_24.jpg,Raam,0.9972
grayscale,image_24.jpg,Deur,0.9686
grayscale,image_24.jpg,Deur,0.9336
grayscale,image_240.jpg,Raam,0.9612
grayscale,image_240.jpg,Raam,0.9921
grayscale,image_240.jpg,Raam,0.0
grayscale,image_240.jpg,Deur,0.9061
grayscale,image_240.jpg,Raam,0.9024
grayscale,image_241.jpg,Raam,0.9601
grayscale,image_241.jpg,Deur,0.9754
grayscale,image_241.jpg,Raam,0.9856
grayscale,image_241.jpg,Raam,0.9809
grayscale,image_241.jpg,Deur,0.9581
grayscale,image_241.jpg,Zonnepaneel,0.9771
grayscale,image_241.jpg,Raam,0.9587
grayscale,image_243.jpg,Raam,0.9851
grayscale,image_243.jpg,Raam,0.9916
grayscale,image_243.jpg,Zonnepaneel,0.9412
grayscale,image_243.jpg,Deur,0.9619
grayscale,image_243.jpg,Raam,0.9774
grayscale,image_243.jpg,Raam,0.0
grayscale,image_245.jpg,Raam,0.9839
grayscale,image_245.jpg,Raam,0.8287
grayscale,image_245.jpg,Raam,0.8731
grayscale,image_245.jpg,Raam,0.9316
grayscale,image_245.jpg,Raam,0.9785
grayscale,image_245.jpg,Zonnepaneel,0.0
grayscale,image_246.jpg,Raam,0.9923
grayscale,image_246.jpg,Raam,0.9657
grayscale,image_246.jpg,Raam,0.9555
grayscale,image_246.jpg,Raam,0.9799
grayscale,image_246.jpg,Zonnepaneel,0.9203
grayscale,image_246.jpg,Raam,0.9218
grayscale,image_246.jpg,Deur,0.8969
grayscale,image_246.jpg,Raam,0.8816
grayscale,image_249.jpg,Raam,0.9879
grayscale,image_249.jpg,Raam,0.9842
grayscale,image_249.jpg,Raam,0.9833
grayscale,image_249.jpg,Raam,0.656
grayscale,image_249.jpg,Raam,0.9899
grayscale,image_249.jpg,Deur,0.9193
grayscale,image_249.jpg,Raam,0.9903
grayscale,image_249.jpg,Raam,0.9788
grayscale,image_249.jpg,Raam,0.9865
grayscale,image_249.jpg,Raam,0.9609
grayscale,image_249.jpg,Raam,0.6834
grayscale,image_249.jpg,Raam,0.9865
grayscale,image_249.jpg,Raam,0.9854
grayscale,image_249.jpg,Raam,0.9824
grayscale,image_249.jpg,Raam,0.6546
grayscale,image_249.jpg,Raam,0.9904
grayscale,image_25.jpg,Raam,0.9348
grayscale,image_25.jpg,Raam,0.9741
grayscale,image_25.jpg,Raam,0.7351
grayscale,image_25.jpg,Raam,0.9891
grayscale,image_25.jpg,Raam,0.924
grayscale,image_25.jpg,Deur,0.9169
grayscale,image_25.jpg,Deur,0.9436
grayscale,image_251.jpg,Raam,0.9409
grayscale,image_251.jpg,Raam,0.9867
grayscale,image_251.jpg,Raam,0.9837
grayscale,image_251.jpg,Raam,0.9721
grayscale,image_251.jpg,Raam,0.9868
grayscale,image_251.jpg,Raam,0.9848
grayscale,image_251.jpg,Raam,0.9776
grayscale,image_251.jpg,Raam,0.9826
grayscale,image_251.jpg,Raam,0.9753
grayscale,image_251.jpg,Raam,0.9787
grayscale,image_251.jpg,Raam,0.9543
grayscale,image_251.jpg,Raam,0.9688
grayscale,image_251.jpg,Raam,0.9335
grayscale,image_251.jpg,Zonnepaneel,0.9411
grayscale,image_254.jpg,Raam,0.958
grayscale,image_254.jpg,Raam,0.9122
grayscale,image_254.jpg,Raam,0.9491
grayscale,image_254.jpg,Raam,0.9775
grayscale,image_254.jpg,Raam,0.8938
grayscale,image_255.jpg,Raam,0.9127
grayscale,image_255.jpg,Deur,0.9832
grayscale,image_255.jpg,Deur,0.9547
grayscale,image_255.jpg,Deur,0.9643
grayscale,image_255.jpg,Raam,0.9886
grayscale,image_255.jpg,Raam,0.9771
grayscale,image_255.jpg,Raam,0.989
grayscale,image_255.jpg,Raam,0.9828
grayscale,image_255.jpg,Raam,0.9368
grayscale,image_255.jpg,Deur,0.962
grayscale,image_255.jpg,Raam,0.9691
grayscale,image_255.jpg,Raam,0.9858
grayscale,image_255.jpg,Raam,0.9409
grayscale,image_255.jpg,Raam,0.92
grayscale,image_257.jpg,Raam,0.9522
grayscale,image_257.jpg,Zonnepaneel,0.8965
grayscale,image_257.jpg,Raam,0.953
grayscale,image_257.jpg,Raam,0.9744
grayscale,image_257.jpg,Deur,0.9642
grayscale,image_258.jpg,Deur,0.962
grayscale,image_258.jpg,Raam,0.9033
grayscale,image_258.jpg,Deur,0.967
grayscale,image_258.jpg,Raam,0.9811
grayscale,image_258.jpg,Raam,0.9703
grayscale,image_258.jpg,Raam,0.689
grayscale,image_26.jpg,Raam,0.9924
grayscale,image_26.jpg,Raam,0.9815
grayscale,image_26.jpg,Deur,0.9772
grayscale,image_26.jpg,Raam,0.0
grayscale,image_261.jpg,Deur,0.9776
grayscale,image_261.jpg,Raam,0.9526
grayscale,image_261.jpg,Raam,0.0
grayscale,image_261.jpg,Raam,0.0
grayscale,image_262.jpg,Raam,0.9433
grayscale,image_262.jpg,Raam,0.9811
grayscale,image_262.jpg,Raam,0.9614
grayscale,image_262.jpg,Raam,0.9803
grayscale,image_262.jpg,Raam,0.9745
grayscale,image_262.jpg,Raam,0.9392
grayscale,image_263.jpg,Deur,0.9819
grayscale,image_263.jpg,Raam,0.985
grayscale,image_263.jpg,Raam,0.9758
grayscale,image_263.jpg,Raam,0.9916
grayscale,image_263.jpg,Raam,0.9718
grayscale,image_263.jpg,Raam,0.9775
grayscale,image_263.jpg,Raam,0.8966
grayscale,image_263.jpg,Raam,0.9861
grayscale,image_263.jpg,Raam,0.9897
grayscale,image_263.jpg,Raam,0.9882
grayscale,image_263.jpg,Raam,0.9791
grayscale,image_263.jpg,Deur,0.9727
grayscale,image_263.jpg,Raam,0.8384
grayscale,image_263.jpg,Raam,0.8461
grayscale,image_263.jpg,Raam,0.957
grayscale,image_263.jpg,Deur,0.9529
grayscale,image_263.jpg,Raam,0.7608
grayscale,image_264.jpg,Raam,0.9256
grayscale,image_264.jpg,Raam,0.9455
grayscale,image_265.jpg,Raam,0.9837
grayscale,image_265.jpg,Raam,0.9797
grayscale,image_265.jpg,Raam,0.9694
grayscale,image_265.jpg,Raam,0.9624
grayscale,image_265.jpg,Zonnepaneel,0.0
grayscale,image_265.jpg,Raam,0.9875
grayscale,image_266.jpg,Raam,0.9834
grayscale,image_266.jpg,Raam,0.973
grayscale,image_266.jpg,Raam,0.9798
grayscale,image_266.jpg,Raam,0.9698
grayscale,image_266.jpg,Raam,0.9831
grayscale,image_266.jpg,Deur,0.9274
grayscale,image_266.jpg,Raam,0.9752
grayscale,image_266.jpg,Raam,0.5974
grayscale,image_266.jpg,Raam,0.9731
grayscale,image_266.jpg,Deur,0.0
grayscale,image_266.jpg,Raam,0.0
grayscale,image_267.jpg,Raam,0.988
grayscale,image_267.jpg,Deur,0.9741
grayscale,image_267.jpg,Raam,0.9311
grayscale,image_267.jpg,Raam,0.978
grayscale,image_267.jpg,Raam,0.9616
grayscale,image_267.jpg,Raam,0.9577
grayscale,image_267.jpg,Raam,0.9853
grayscale,image_267.jpg,Raam,0.9704
grayscale,image_267.jpg,Deur,0.9433
grayscale,image_267.jpg,Raam,0.9552
grayscale,image_267.jpg,Raam,0.9748
grayscale,image_267.jpg,Raam,0.9773
grayscale,image_267.jpg,Deur,0.9475
grayscale,image_267.jpg,Raam,0.9434
grayscale,image_267.jpg,Raam,0.9279
grayscale,image_267.jpg,Raam,0.943
grayscale,image_267.jpg,Raam,0.9649
grayscale,image_267.jpg,Raam,0.0
grayscale,image_268.jpg,Raam,0.9946
grayscale,image_268.jpg,Raam,0.9947
grayscale,image_268.jpg,Raam,0.9934
grayscale,image_268.jpg,Raam,0.988
grayscale,image_268.jpg,Raam,0.9934
grayscale,image_268.jpg,Deur,0.9594
grayscale,image_268.jpg,Raam,0.9725
grayscale,image_268.jpg,Raam,0.993
grayscale,image_268.jpg,Raam,0.9329
grayscale,image_268.jpg,Raam,0.9837
grayscale,image_268.jpg,Raam,0.9776
grayscale,image_27.jpg,Raam,0.0
grayscale,image_27.jpg,Raam,0.9599
grayscale,image_27.jpg,Raam,0.9747
grayscale,image_27.jpg,Raam,0.8238
grayscale,image_27.jpg,Raam,0.8496
grayscale,image_27.jpg,Raam,0.934
grayscale,image_27.jpg,Deur,0.9478
grayscale,image_27.jpg,Raam,0.8066
grayscale,image_270.jpg,Raam,0.9761
grayscale,image_270.jpg,Raam,0.9884
grayscale,image_270.jpg,Raam,0.9862
grayscale,image_270.jpg,Raam,0.9857
grayscale,image_270.jpg,Raam,0.9804
grayscale,image_270.jpg,Raam,0.9852
grayscale,image_270.jpg,Raam,0.9536
grayscale,image_270.jpg,Deur,0.0
grayscale,image_270.jpg,Raam,0.0
grayscale,image_270.jpg,Deur,0.0
grayscale,image_271.jpg,Deur,0.9818
grayscale,image_271.jpg,Raam,0.9522
grayscale,image_271.jpg,Deur,0.9841
grayscale,image_271.jpg,Raam,0.9611
grayscale,image_271.jpg,Deur,0.9681
grayscale,image_271.jpg,Raam,0.9595
grayscale,image_271.jpg,Raam,0.9859
grayscale,image_271.jpg,Raam,0.9595
grayscale,image_271.jpg,Raam,0.9521
grayscale,image_272.jpg,Raam,0.9685
grayscale,image_272.jpg,Raam,0.9431
grayscale,image_272.jpg,Raam,0.9159
grayscale,image_273.jpg,Raam,0.9515
grayscale,image_273.jpg,Raam,0.9135
grayscale,image_273.jpg,Raam,0.9714
grayscale,image_273.jpg,Raam,0.9527
grayscale,image_274.jpg,Raam,0.9405
grayscale,image_274.jpg,Raam,0.9617
grayscale,image_274.jpg,Zonnepaneel,0.4545
grayscale,image_275.jpg,Raam,0.9233
grayscale,image_275.jpg,Raam,0.9647
grayscale,image_275.jpg,Raam,0.9584
grayscale,image_275.jpg,Raam,0.991
grayscale,image_275.jpg,Raam,0.9091
grayscale,image_275.jpg,Deur,0.9801
grayscale,image_275.jpg,Raam,0.8417
grayscale,image_275.jpg,Raam,0.9581
grayscale,image_275.jpg,Deur,0.9452
grayscale,image_275.jpg,Raam,0.9198
grayscale,image_275.jpg,Raam,0.9798
grayscale,image_275.jpg,Raam,0.9841
grayscale,image_275.jpg,Raam,0.8188
grayscale,image_275.jpg,Raam,0.7325
grayscale,image_275.jpg,Raam,0.7573
grayscale,image_275.jpg,Deur,0.9539
grayscale,image_275.jpg,Raam,0.8525
grayscale,image_276.jpg,Raam,0.8827
grayscale,image_276.jpg,Raam,0.981
grayscale,image_276.jpg,Raam,0.9385
grayscale,image_276.jpg,Deur,0.9654
grayscale,image_276.jpg,Raam,0.0
grayscale,image_276.jpg,Raam,0.6315
grayscale,image_276.jpg,Raam,0.9792
grayscale,image_276.jpg,Raam,0.9526
grayscale,image_278.jpg,Raam,0.9775
grayscale,image_278.jpg,Deur,0.9757
grayscale,image_278.jpg,Deur,0.9803
grayscale,image_278.jpg,Raam,0.9742
grayscale,image_279.jpg,Raam,0.9878
grayscale,image_279.jpg,Raam,0.9705
grayscale,image_279.jpg,Raam,0.9484
grayscale,image_279.jpg,Raam,0.9871
grayscale,image_279.jpg,Raam,0.9699
grayscale,image_279.jpg,Raam,0.9499
grayscale,image_279.jpg,Raam,0.9331
grayscale,image_279.jpg,Raam,0.9475
grayscale,image_279.jpg,Deur,0.0
grayscale,image_279.jpg,Raam,0.9416
grayscale,image_279.jpg,Raam,0.9899
grayscale,image_279.jpg,Raam,0.9671
grayscale,image_279.jpg,Raam,0.9308
grayscale,image_279.jpg,Raam,0.8816
grayscale,image_279.jpg,Deur,0.8438
grayscale,image_28.jpg,Zonnepaneel,0.9766
grayscale,image_28.jpg,Raam,0.9605
grayscale,image_28.jpg,Raam,0.896
grayscale,image_28.jpg,Raam,0.8287
grayscale,image_28.jpg,Raam,0.8903
grayscale,image_280.jpg,Deur,0.9916
grayscale,image_280.jpg,Raam,0.9778
grayscale,image_280.jpg,Raam,0.9817
grayscale,image_280.jpg,Deur,0.9689
grayscale,image_280.jpg,Raam,0.9876
grayscale,image_280.jpg,Raam,0.9819
grayscale,image_280.jpg,Deur,0.9732
grayscale,image_280.jpg,Raam,0.9493
grayscale,image_280.jpg,Raam,0.9773
grayscale,image_280.jpg,Raam,0.9614
grayscale,image_281.jpg,Raam,0.9135
grayscale,image_281.jpg,Raam,0.9813
grayscale,image_281.jpg,Zonnepaneel,0.9786
grayscale,image_281.jpg,Raam,0.6015
grayscale,image_281.jpg,Raam,0.9598
grayscale,image_281.jpg,Zonnepaneel,0.4609
grayscale,image_281.jpg,Raam,0.9885
grayscale,image_281.jpg,Deur,0.9596
grayscale,image_281.jpg,Raam,0.9588
grayscale,image_281.jpg,Raam,0.9812
grayscale,image_281.jpg,Raam,0.9865
grayscale,image_281.jpg,Deur,0.9927
grayscale,image_281.jpg,Raam,0.9828
grayscale,image_281.jpg,Deur,0.9148
grayscale,image_281.jpg,Raam,0.9692
grayscale,image_282.jpg,Raam,0.0
grayscale,image_282.jpg,Raam,0.9706
grayscale,image_282.jpg,Raam,0.9718
grayscale,image_283.jpg,Zonnepaneel,0.9261
grayscale,image_283.jpg,Zonnepaneel,0.9858
grayscale,image_283.jpg,Raam,0.9812
grayscale,image_283.jpg,Deur,0.9703
grayscale,image_283.jpg,Raam,0.9252
grayscale,image_283.jpg,Raam,0.9883
grayscale,image_283.jpg,Raam,0.9263
grayscale,image_283.jpg,Raam,0.9894
grayscale,image_284.jpg,Raam,0.9577
grayscale,image_284.jpg,Raam,0.992
grayscale,image_284.jpg,Raam,0.9817
grayscale,image_284.jpg,Raam,0.9926
grayscale,image_284.jpg,Raam,0.9462
grayscale,image_284.jpg,Raam,0.9769
grayscale,image_284.jpg,Raam,0.9913
grayscale,image_284.jpg,Raam,0.9887
grayscale,image_284.jpg,Raam,0.9602
grayscale,image_284.jpg,Raam,0.9829
grayscale,image_285.jpg,Zonnepaneel,0.9481
grayscale,image_285.jpg,Deur,0.9612
grayscale,image_285.jpg,Raam,0.9763
grayscale,image_285.jpg,Zonnepaneel,0.9835
grayscale,image_285.jpg,Raam,0.9171
grayscale,image_285.jpg,Raam,0.0
grayscale,image_286.jpg,Deur,0.9688
grayscale,image_286.jpg,Raam,0.9516
grayscale,image_286.jpg,Raam,0.8613
grayscale,image_287.jpg,Raam,0.9723
grayscale,image_287.jpg,Raam,0.9378
grayscale,image_287.jpg,Raam,0.9499
grayscale,image_287.jpg,Raam,0.9602
grayscale,image_287.jpg,Raam,0.9781
grayscale,image_287.jpg,Raam,0.982
grayscale,image_289.jpg,Raam,0.9881
grayscale,image_289.jpg,Raam,0.9794
grayscale,image_289.jpg,Raam,0.9904
grayscale,image_289.jpg,Deur,0.0
grayscale,image_292.jpg,Raam,0.9717
grayscale,image_292.jpg,Deur,0.9676
grayscale,image_292.jpg,Raam,0.9814
grayscale,image_292.jpg,Raam,0.9922
grayscale,image_292.jpg,Raam,0.8694
grayscale,image_293.jpg,Raam,0.9914
grayscale,image_293.jpg,Raam,0.8996
grayscale,image_293.jpg,Deur,0.9678
grayscale,image_294.jpg,Raam,0.9577
grayscale,image_294.jpg,Raam,0.9736
grayscale,image_294.jpg,Raam,0.9747
grayscale,image_294.jpg,Raam,0.9635
grayscale,image_295.jpg,Raam,0.9553
grayscale,image_295.jpg,Raam,0.8674
grayscale,image_295.jpg,Raam,0.0
grayscale,image_297.jpg,Raam,0.9816
grayscale,image_297.jpg,Raam,0.8711
grayscale,image_297.jpg,Deur,0.987
grayscale,image_297.jpg,Raam,0.9732
grayscale,image_297.jpg,Raam,0.9896
grayscale,image_297.jpg,Raam,0.8726
grayscale,image_297.jpg,Raam,0.9777
grayscale,image_297.jpg,Raam,0.9845
grayscale,image_297.jpg,Deur,0.0
grayscale,image_297.jpg,Raam,0.9906
grayscale,image_297.jpg,Raam,0.9299
grayscale,image_299.jpg,Raam,0.9744
grayscale,image_299.jpg,Raam,0.9339
grayscale,image_299.jpg,Raam,0.7914
grayscale,image_299.jpg,Raam,0.824
grayscale,image_30.jpg,Raam,0.9759
grayscale,image_30.jpg,Raam,0.9738
grayscale,image_30.jpg,Raam,0.9185
grayscale,image_30.jpg,Raam,0.9922
grayscale,image_30.jpg,Deur,0.9577
grayscale,image_30.jpg,Deur,0.9598
grayscale,image_30.jpg,Raam,0.9769
grayscale,image_30.jpg,Raam,0.9669
grayscale,image_30.jpg,Raam,0.6637
grayscale,image_300.jpg,Raam,0.9612
grayscale,image_300.jpg,Deur,0.9901
grayscale,image_300.jpg,Zonnepaneel,0.9158
grayscale,image_300.jpg,Raam,0.9038
grayscale,image_300.jpg,Zonnepaneel,0.9606
grayscale,image_300.jpg,Raam,0.9271
grayscale,image_300.jpg,Zonnepaneel,0.0
grayscale,image_300.jpg,Zonnepaneel,0.9799
grayscale,image_301.jpg,Deur,0.9449
grayscale,image_301.jpg,Zonnepaneel,0.0
grayscale,image_301.jpg,Raam,0.0
grayscale,image_301.jpg,Raam,0.9351
grayscale,image_301.jpg,Raam,0.0
grayscale,image_301.jpg,Raam,0.9897
grayscale,image_301.jpg,Zonnepaneel,0.0
grayscale,image_301.jpg,Raam,0.9821
grayscale,image_302.jpg,Raam,0.9904
grayscale,image_302.jpg,Raam,0.9842
grayscale,image_302.jpg,Raam,0.9477
grayscale,image_302.jpg,Raam,0.0
grayscale,image_302.jpg,Raam,0.9921
grayscale,image_302.jpg,Raam,0.9168
grayscale,image_302.jpg,Raam,0.9801
grayscale,image_302.jpg,Deur,0.9716
grayscale,image_302.jpg,Raam,0.0
grayscale,image_302.jpg,Deur,0.9564
grayscale,image_302.jpg,Raam,0.9572
grayscale,image_303.jpg,Raam,0.9776
grayscale,image_303.jpg,Raam,0.9722
grayscale,image_304.jpg,Raam,0.9819
grayscale,image_304.jpg,Deur,0.9847
grayscale,image_304.jpg,Deur,0.5241
grayscale,image_304.jpg,Deur,0.9211
grayscale,image_304.jpg,Deur,0.0
grayscale,image_306.jpg,Raam,0.9916
grayscale,image_306.jpg,Raam,0.9272
grayscale,image_306.jpg,Deur,0.0
grayscale,image_306.jpg,Raam,0.9836
grayscale,image_306.jpg,Raam,0.0
grayscale,image_307.jpg,Zonnepaneel,0.9876
grayscale,image_307.jpg,Deur,0.9848
grayscale,image_307.jpg,Deur,0.9812
grayscale,image_307.jpg,Raam,0.9904
grayscale,image_307.jpg,Deur,0.9767
grayscale,image_307.jpg,Deur,0.88
grayscale,image_307.jpg,Zonnepaneel,0.9645
grayscale,image_307.jpg,Raam,0.8964
grayscale,image_309.jpg,Deur,0.8911
grayscale,image_309.jpg,Raam,0.9076
grayscale,image_309.jpg,Deur,0.0
grayscale,image_309.jpg,Raam,0.9696
grayscale,image_309.jpg,Raam,0.0
grayscale,image_309.jpg,Raam,0.9138
grayscale,image_31.jpg,Raam,0.9884
grayscale,image_31.jpg,Raam,0.9884
grayscale,image_31.jpg,Raam,0.9281
grayscale,image_31.jpg,Raam,0.9339
grayscale,image_31.jpg,Raam,0.9427
grayscale,image_31.jpg,Deur,0.8384
grayscale,image_31.jpg,Raam,0.9319
grayscale,image_310.jpg,Raam,0.9975
grayscale,image_310.jpg,Raam,0.0
grayscale,image_311.jpg,Raam,0.9675
grayscale,image_311.jpg,Raam,0.9838
grayscale,image_311.jpg,Raam,0.0
grayscale,image_311.jpg,Deur,0.9172
grayscale,image_312.jpg,Raam,0.963
grayscale,image_312.jpg,Raam,0.9652
grayscale,image_312.jpg,Raam,0.857
grayscale,image_312.jpg,Raam,0.5599
grayscale,image_312.jpg,Raam,0.9515
grayscale,image_312.jpg,Raam,0.5002
grayscale,image_312.jpg,Raam,0.9647
grayscale,image_313.jpg,Raam,0.0
grayscale,image_317.jpg,Raam,0.9906
grayscale,image_317.jpg,Deur,0.9841
grayscale,image_317.jpg,Raam,0.0
grayscale,image_317.jpg,Deur,0.5671
grayscale,image_317.jpg,Raam,0.9551
grayscale,image_317.jpg,Raam,0.0
grayscale,image_318.jpg,Deur,0.0
grayscale,image_318.jpg,Raam,0.964
grayscale,image_318.jpg,Deur,0.0
grayscale,image_319.jpg,Raam,0.6258
grayscale,image_32.jpg,Deur,0.9786
grayscale,image_32.jpg,Deur,0.8441
grayscale,image_321.jpg,Deur,0.9822
grayscale,image_321.jpg,Raam,0.9877
grayscale,image_321.jpg,Raam,0.9513
grayscale,image_321.jpg,Raam,0.9766
grayscale,image_321.jpg,Raam,0.9909
grayscale,image_321.jpg,Deur,0.8999
grayscale,image_321.jpg,Raam,0.9651
grayscale,image_321.jpg,Raam,0.9876
grayscale,image_321.jpg,Raam,0.9742
grayscale,image_321.jpg,Raam,0.9689
grayscale,image_322.jpg,Raam,0.9845
grayscale,image_322.jpg,Raam,0.9341
grayscale,image_322.jpg,Deur,0.9809
grayscale,image_322.jpg,Raam,0.9705
grayscale,image_322.jpg,Zonnepaneel,0.9682
grayscale,image_322.jpg,Raam,0.9949
grayscale,image_322.jpg,Raam,0.972
grayscale,image_322.jpg,Zonnepaneel,0.9224
grayscale,image_322.jpg,Deur,0.9747
grayscale,image_322.jpg,Raam,0.5805
grayscale,image_322.jpg,Raam,0.4634
grayscale,image_322.jpg,Deur,0.0
grayscale,image_323.jpg,Deur,0.9846
grayscale,image_323.jpg,Raam,0.8916
grayscale,image_323.jpg,Raam,0.9647
grayscale,image_323.jpg,Raam,0.9301
grayscale,image_323.jpg,Raam,0.9339
grayscale,image_323.jpg,Zonnepaneel,0.9574
grayscale,image_323.jpg,Raam,0.0
grayscale,image_323.jpg,Zonnepaneel,0.0
grayscale,image_326.jpg,Raam,0.983
grayscale,image_326.jpg,Raam,0.9785
grayscale,image_326.jpg,Raam,0.9754
grayscale,image_326.jpg,Raam,0.9661
grayscale,image_326.jpg,Raam,0.9753
grayscale,image_326.jpg,Raam,0.9775
grayscale,image_326.jpg,Raam,0.9727
grayscale,image_326.jpg,Deur,0.0
grayscale,image_327.jpg,Deur,0.96
grayscale,image_327.jpg,Deur,0.765
grayscale,image_328.jpg,Raam,0.9846
grayscale,image_328.jpg,Raam,0.9875
grayscale,image_328.jpg,Raam,0.9792
grayscale,image_328.jpg,Raam,0.9728
grayscale,image_328.jpg,Raam,0.9748
grayscale,image_328.jpg,Raam,0.0
grayscale,image_329.jpg,Deur,0.9905
grayscale,image_329.jpg,Deur,0.9348
grayscale,image_329.jpg,Raam,0.9689
grayscale,image_329.jpg,Raam,0.981
grayscale,image_329.jpg,Raam,0.9342
grayscale,image_329.jpg,Raam,0.9626
grayscale,image_33.jpg,Deur,0.9798
grayscale,image_33.jpg,Raam,0.9862
grayscale,image_33.jpg,Raam,0.9019
grayscale,image_33.jpg,Raam,0.9352
grayscale,image_33.jpg,Raam,0.9172
grayscale,image_33.jpg,Raam,0.9804
grayscale,image_33.jpg,Raam,0.7303
grayscale,image_33.jpg,Deur,0.7857
grayscale,image_33.jpg,Raam,0.9771
grayscale,image_330.jpg,Raam,0.9424
grayscale,image_331.jpg,Raam,0.9454
grayscale,image_331.jpg,Deur,0.9766
grayscale,image_332.jpg,Raam,0.9872
grayscale,image_332.jpg,Raam,0.9847
grayscale,image_332.jpg,Deur,0.0
grayscale,image_332.jpg,Deur,0.963
grayscale,image_332.jpg,Deur,0.9278
grayscale,image_334.jpg,Raam,0.9806
grayscale,image_334.jpg,Raam,0.9911
grayscale,image_334.jpg,Raam,0.9827
grayscale,image_334.jpg,Raam,0.9532
grayscale,image_334.jpg,Deur,0.9701
grayscale,image_334.jpg,Raam,0.9809
grayscale,image_334.jpg,Deur,0.968
grayscale,image_334.jpg,Deur,0.8978
grayscale,image_334.jpg,Raam,0.9726
grayscale,image_334.jpg,Raam,0.9761
grayscale,image_334.jpg,Raam,0.0
grayscale,image_334.jpg,Zonnepaneel,0.0
grayscale,image_335.jpg,Zonnepaneel,0.9756
grayscale,image_335.jpg,Zonnepaneel,0.9707
grayscale,image_335.jpg,Deur,0.9914
grayscale,image_335.jpg,Deur,0.9868
grayscale,image_335.jpg,Raam,0.8661
grayscale,image_335.jpg,Raam,0.9714
grayscale,image_335.jpg,Deur,0.9601
grayscale,image_336.jpg,Raam,0.9718
grayscale,image_336.jpg,Deur,0.9785
grayscale,image_336.jpg,Deur,0.9838
grayscale,image_336.jpg,Deur,0.962
grayscale,image_336.jpg,Raam,0.9779
grayscale,image_336.jpg,Raam,0.9369
grayscale,image_336.jpg,Raam,0.9277
grayscale,image_336.jpg,Raam,0.9608
grayscale,image_336.jpg,Raam,0.9782
grayscale,image_337.jpg,Zonnepaneel,0.9517
grayscale,image_337.jpg,Raam,0.8657
grayscale,image_337.jpg,Deur,0.9738
grayscale,image_337.jpg,Raam,0.9466
grayscale,image_337.jpg,Raam,0.981
grayscale,image_338.jpg,Raam,0.9129
grayscale,image_338.jpg,Raam,0.7728
grayscale,image_338.jpg,Raam,0.97
grayscale,image_338.jpg,Raam,0.9448
grayscale,image_339.jpg,Raam,0.9684
grayscale,image_339.jpg,Raam,0.9855
grayscale,image_339.jpg,Raam,0.9868
grayscale,image_340.jpg,Deur,0.9625
grayscale,image_340.jpg,Raam,0.9801
grayscale,image_340.jpg,Zonnepaneel,0.9661
grayscale,image_340.jpg,Raam,0.8785
grayscale,image_340.jpg,Raam,0.7352
grayscale,image_340.jpg,Raam,0.9788
grayscale,image_340.jpg,Deur,0.8939
grayscale,image_340.jpg,Zonnepaneel,0.9596
grayscale,image_340.jpg,Raam,0.9059
grayscale,image_340.jpg,Zonnepaneel,0.86
grayscale,image_346.jpg,Zonnepaneel,0.9764
grayscale,image_346.jpg,Zonnepaneel,0.963
grayscale,image_346.jpg,Zonnepaneel,0.9621
grayscale,image_346.jpg,Raam,0.9651
grayscale,image_346.jpg,Deur,0.9741
grayscale,image_346.jpg,Raam,0.8845
grayscale,image_346.jpg,Raam,0.9815
grayscale,image_346.jpg,Raam,0.9238
grayscale,image_346.jpg,Raam,0.9679
grayscale,image_346.jpg,Deur,0.9815
grayscale,image_346.jpg,Raam,0.9742
grayscale,image_346.jpg,Zonnepaneel,0.9782
grayscale,image_346.jpg,Raam,0.9428
grayscale,image_346.jpg,Raam,0.0001
grayscale,image_346.jpg,Raam,0.0
grayscale,image_349.jpg,Raam,0.9838
grayscale,image_349.jpg,Raam,0.9852
grayscale,image_349.jpg,Deur,0.9072
grayscale,image_349.jpg,Raam,0.9573
grayscale,image_349.jpg,Raam,0.9474
grayscale,image_349.jpg,Raam,0.0
grayscale,image_35.jpg,Deur,0.9868
grayscale,image_35.jpg,Raam,0.9678
grayscale,image_35.jpg,Raam,0.9768
grayscale,image_35.jpg,Deur,0.9459
grayscale,image_35.jpg,Raam,0.9918
grayscale,image_35.jpg,Raam,0.966
grayscale,image_350.jpg,Raam,0.978
grayscale,image_350.jpg,Raam,0.9818
grayscale,image_350.jpg,Raam,0.9823
grayscale,image_350.jpg,Raam,0.9875
grayscale,image_350.jpg,Raam,0.9755
grayscale,image_350.jpg,Raam,0.9769
grayscale,image_350.jpg,Deur,0.8887
grayscale,image_350.jpg,Raam,0.9476
grayscale,image_350.jpg,Deur,0.7466
grayscale,image_350.jpg,Raam,0.0
grayscale,image_352.jpg,Raam,0.9774
grayscale,image_352.jpg,Deur,0.9922
grayscale,image_352.jpg,Raam,0.9359
grayscale,image_352.jpg,Raam,0.9688
grayscale,image_352.jpg,Raam,0.0
grayscale,image_353.jpg,Zonnepaneel,0.9693
grayscale,image_353.jpg,Raam,0.9037
grayscale,image_353.jpg,Raam,0.9142
grayscale,image_353.jpg,Raam,0.9218
grayscale,image_353.jpg,Raam,0.8988
grayscale,image_353.jpg,Zonnepaneel,0.968
grayscale,image_353.jpg,Raam,0.7267
grayscale,image_353.jpg,Raam,0.9584
grayscale,image_353.jpg,Raam,0.6522
grayscale,image_354.jpg,Deur,0.9885
grayscale,image_354.jpg,Raam,0.9102
grayscale,image_354.jpg,Raam,0.9833
grayscale,image_354.jpg,Raam,0.9525
grayscale,image_354.jpg,Raam,0.9612
grayscale,image_356.jpg,Raam,0.9608
grayscale,image_356.jpg,Raam,0.9729
grayscale,image_356.jpg,Raam,0.9265
grayscale,image_356.jpg,Deur,0.9812
grayscale,image_356.jpg,Raam,0.9631
grayscale,image_356.jpg,Raam,0.967
grayscale,image_356.jpg,Raam,0.9887
grayscale,image_356.jpg,Raam,0.9713
grayscale,image_356.jpg,Raam,0.9638
grayscale,image_358.jpg,Deur,0.9322
grayscale,image_358.jpg,Raam,0.9842
grayscale,image_358.jpg,Raam,0.9832
grayscale,image_358.jpg,Raam,0.9641
grayscale,image_358.jpg,Raam,0.9659
grayscale,image_358.jpg,Deur,0.0
grayscale,image_358.jpg,Raam,0.9933
grayscale,image_359.jpg,Raam,0.9829
grayscale,image_359.jpg,Deur,0.9431
grayscale,image_36.jpg,Raam,0.9884
grayscale,image_36.jpg,Raam,0.9689
grayscale,image_36.jpg,Raam,0.9583
grayscale,image_36.jpg,Deur,0.9837
grayscale,image_36.jpg,Raam,0.9931
grayscale,image_36.jpg,Raam,0.9571
grayscale,image_36.jpg,Raam,0.9632
grayscale,image_360.jpg,Raam,0.9848
grayscale,image_360.jpg,Raam,0.9575
grayscale,image_360.jpg,Raam,0.9901
grayscale,image_360.jpg,Raam,0.995
grayscale,image_360.jpg,Raam,0.6801
grayscale,image_360.jpg,Raam,0.9861
grayscale,image_360.jpg,Raam,0.9791
grayscale,image_360.jpg,Raam,0.9363
grayscale,image_360.jpg,Raam,0.8938
grayscale,image_360.jpg,Deur,0.0
grayscale,image_360.jpg,Raam,0.9401
grayscale,image_365.jpg,Deur,0.9399
grayscale,image_365.jpg,Raam,0.9825
grayscale,image_365.jpg,Deur,0.9637
grayscale,image_365.jpg,Raam,0.9773
grayscale,image_365.jpg,Deur,0.8968
grayscale,image_365.jpg,Raam,0.9595
grayscale,image_365.jpg,Raam,0.9604
grayscale,image_365.jpg,Raam,0.9934
grayscale,image_365.jpg,Raam,0.9825
grayscale,image_365.jpg,Raam,0.9779
grayscale,image_365.jpg,Raam,0.8939
grayscale,image_365.jpg,Raam,0.9291
grayscale,image_365.jpg,Raam,0.9824
grayscale,image_366.jpg,Raam,0.9655
grayscale,image_366.jpg,Raam,0.9396
grayscale,image_366.jpg,Raam,0.9326
grayscale,image_366.jpg,Raam,0.892
grayscale,image_366.jpg,Raam,0.9433
grayscale,image_367.jpg,Raam,0.9832
grayscale,image_367.jpg,Raam,0.8916
grayscale,image_367.jpg,Raam,0.9842
grayscale,image_367.jpg,Raam,0.9037
grayscale,image_367.jpg,Raam,0.8953
grayscale,image_367.jpg,Raam,0.9901
grayscale,image_367.jpg,Raam,0.9552
grayscale,image_367.jpg,Raam,0.9735
grayscale,image_367.jpg,Deur,0.0
grayscale,image_368.jpg,Raam,0.9937
grayscale,image_368.jpg,Deur,0.985
grayscale,image_368.jpg,Raam,0.9496
grayscale,image_368.jpg,Raam,0.9549
grayscale,image_368.jpg,Raam,0.9592
grayscale,image_368.jpg,Raam,0.9674
grayscale,image_368.jpg,Raam,0.986
grayscale,image_368.jpg,Raam,0.9795
grayscale,image_368.jpg,Deur,0.9842
grayscale,image_368.jpg,Raam,0.9442
grayscale,image_368.jpg,Raam,0.9879
grayscale,image_368.jpg,Raam,0.9626
grayscale,image_368.jpg,Raam,0.0
grayscale,image_369.jpg,Deur,0.9795
grayscale,image_369.jpg,Deur,0.9685
grayscale,image_369.jpg,Raam,0.9745
grayscale,image_37.jpg,Raam,0.9431
grayscale,image_37.jpg,Raam,0.9537
grayscale,image_370.jpg,Raam,0.8923
grayscale,image_370.jpg,Raam,0.9773
grayscale,image_370.jpg,Deur,0.9582
grayscale,image_370.jpg,Raam,0.6527
grayscale,image_370.jpg,Raam,0.9135
grayscale,image_372.jpg,Deur,0.9959
grayscale,image_372.jpg,Zonnepaneel,0.9606
grayscale,image_372.jpg,Raam,0.9628
grayscale,image_372.jpg,Raam,0.9831
grayscale,image_372.jpg,Deur,0.9856
grayscale,image_372.jpg,Raam,0.9656
grayscale,image_372.jpg,Deur,0.9863
grayscale,image_372.jpg,Raam,0.9743
grayscale,image_372.jpg,Raam,0.9557
grayscale,image_372.jpg,Raam,0.9728
grayscale,image_373.jpg,Raam,0.9768
grayscale,image_373.jpg,Raam,0.9801
grayscale,image_373.jpg,Raam,0.9481
grayscale,image_373.jpg,Deur,0.8896
grayscale,image_373.jpg,Deur,0.9807
grayscale,image_373.jpg,Raam,0.9574
grayscale,image_373.jpg,Raam,0.9353
grayscale,image_373.jpg,Raam,0.0
grayscale,image_373.jpg,Deur,0.9261
grayscale,image_373.jpg,Raam,0.981
grayscale,image_373.jpg,Raam,0.9537
grayscale,image_374.jpg,Deur,0.9795
grayscale,image_374.jpg,Raam,0.9764
grayscale,image_374.jpg,Raam,0.9194
grayscale,image_374.jpg,Raam,0.9521
grayscale,image_374.jpg,Raam,0.9931
grayscale,image_374.jpg,Deur,0.9697
grayscale,image_374.jpg,Raam,0.9934
grayscale,image_374.jpg,Raam,0.6034
grayscale,image_374.jpg,Raam,0.9889
grayscale,image_374.jpg,Deur,0.8931
grayscale,image_374.jpg,Deur,0.9334
grayscale,image_374.jpg,Raam,0.0
grayscale,image_374.jpg,Raam,0.9609
grayscale,image_376.jpg,Raam,0.957
grayscale,image_376.jpg,Raam,0.5643
grayscale,image_376.jpg,Raam,0.0
grayscale,image_377.jpg,Raam,0.9603
grayscale,image_377.jpg,Raam,0.9901
grayscale,image_377.jpg,Raam,0.9814
grayscale,image_377.jpg,Deur,0.972
grayscale,image_377.jpg,Raam,0.8576
grayscale,image_377.jpg,Deur,0.9823
grayscale,image_377.jpg,Raam,0.9916
grayscale,image_377.jpg,Raam,0.9826
grayscale,image_377.jpg,Raam,0.991
grayscale,image_377.jpg,Raam,0.9372
grayscale,image_377.jpg,Raam,0.0
grayscale,image_377.jpg,Deur,0.726
grayscale,image_377.jpg,Raam,0.989
grayscale,image_377.jpg,Raam,0.0
grayscale,image_38.jpg,Raam,0.9894
grayscale,image_38.jpg,Raam,0.9925
grayscale,image_38.jpg,Raam,0.9867
grayscale,image_38.jpg,Raam,0.97
grayscale,image_38.jpg,Raam,0.9854
grayscale,image_38.jpg,Raam,0.9549
grayscale,image_38.jpg,Raam,0.9364
grayscale,image_38.jpg,Raam,0.9874
grayscale,image_38.jpg,Raam,0.9856
grayscale,image_38.jpg,Raam,0.9782
grayscale,image_38.jpg,Raam,0.9269
grayscale,image_38.jpg,Raam,0.8505
grayscale,image_38.jpg,Raam,0.7602
grayscale,image_38.jpg,Raam,0.0
grayscale,image_380.jpg,Raam,0.9349
grayscale,image_380.jpg,Raam,0.924
grayscale,image_380.jpg,Raam,0.96
grayscale,image_381.jpg,Deur,0.9977
grayscale,image_381.jpg,Raam,0.0
grayscale,image_381.jpg,Raam,0.987
grayscale,image_381.jpg,Raam,0.9736
grayscale,image_381.jpg,Deur,0.9572
grayscale,image_381.jpg,Raam,0.9751
grayscale,image_381.jpg,Deur,0.9233
grayscale,image_381.jpg,Deur,0.628
grayscale,image_381.jpg,Deur,0.0
grayscale,image_381.jpg,Raam,0.9899
grayscale,image_382.jpg,Raam,0.992
grayscale,image_382.jpg,Raam,0.9826
grayscale,image_382.jpg,Raam,0.9697
grayscale,image_382.jpg,Deur,0.9747
grayscale,image_382.jpg,Raam,0.0
grayscale,image_383.jpg,Raam,0.4006
grayscale,image_383.jpg,Raam,0.9309
grayscale,image_383.jpg,Raam,0.9121
grayscale,image_383.jpg,Deur,0.9439
grayscale,image_383.jpg,Raam,0.9742
grayscale,image_383.jpg,Raam,0.9509
grayscale,image_383.jpg,Raam,0.0
grayscale,image_383.jpg,Raam,0.9806
grayscale,image_385.jpg,Raam,0.974
grayscale,image_385.jpg,Raam,0.9117
grayscale,image_385.jpg,Deur,0.989
grayscale,image_387.jpg,Deur,0.98
grayscale,image_387.jpg,Raam,0.9371
grayscale,image_387.jpg,Deur,0.954
grayscale,image_387.jpg,Raam,0.0
grayscale,image_388.jpg,Deur,0.9885
grayscale,image_388.jpg,Raam,0.8232
grayscale,image_388.jpg,Raam,0.9871
grayscale,image_388.jpg,Raam,0.7184
grayscale,image_388.jpg,Raam,0.9821
grayscale,image_389.jpg,Raam,0.0
grayscale,image_389.jpg,Raam,0.9647
grayscale,image_389.jpg,Raam,0.982
grayscale,image_389.jpg,Deur,0.9319
grayscale,image_389.jpg,Raam,0.9563
grayscale,image_389.jpg,Raam,0.8808
grayscale,image_389.jpg,Raam,0.9581
grayscale,image_389.jpg,Raam,0.8949
grayscale,image_389.jpg,Raam,0.9483
grayscale,image_389.jpg,Deur,0.9883
grayscale,image_389.jpg,Raam,0.9551
grayscale,image_389.jpg,Raam,0.9602
grayscale,image_389.jpg,Raam,0.0
grayscale,image_391.jpg,Deur,0.9779
grayscale,image_391.jpg,Raam,0.9823
grayscale,image_391.jpg,Raam,0.981
grayscale,image_391.jpg,Deur,0.9585
grayscale,image_391.jpg,Raam,0.0
grayscale,image_391.jpg,Raam,0.9858
grayscale,image_391.jpg,Raam,0.0
grayscale,image_393.jpg,Raam,0.9934
grayscale,image_393.jpg,Deur,0.9875
grayscale,image_393.jpg,Raam,0.9612
grayscale,image_393.jpg,Raam,0.9623
grayscale,image_393.jpg,Raam,0.9792
grayscale,image_393.jpg,Deur,0.9541
grayscale,image_393.jpg,Raam,0.9964
grayscale,image_393.jpg,Raam,0.9734
grayscale,image_393.jpg,Deur,0.9866
grayscale,image_393.jpg,Raam,0.0
grayscale,image_394.jpg,Raam,0.9492
grayscale,image_394.jpg,Raam,0.9285
grayscale,image_394.jpg,Raam,0.0
grayscale,image_394.jpg,Raam,0.9455
grayscale,image_394.jpg,Deur,0.9726
grayscale,image_394.jpg,Deur,0.9604
grayscale,image_395.jpg,Raam,0.9832
grayscale,image_395.jpg,Raam,0.9533
grayscale,image_395.jpg,Raam,0.9882
grayscale,image_395.jpg,Raam,0.9603
grayscale,image_395.jpg,Deur,0.7086
grayscale,image_395.jpg,Raam,0.9675
grayscale,image_398.jpg,Deur,0.9844
grayscale,image_398.jpg,Raam,0.9931
grayscale,image_398.jpg,Raam,0.9845
grayscale,image_398.jpg,Raam,0.968
grayscale,image_398.jpg,Raam,0.9763
grayscale,image_398.jpg,Raam,0.9717
grayscale,image_398.jpg,Raam,0.9833
grayscale,image_398.jpg,Raam,0.8916
grayscale,image_398.jpg,Raam,0.9527
grayscale,image_398.jpg,Zonnepaneel,0.0
grayscale,image_398.jpg,Raam,0.4665
grayscale,image_398.jpg,Raam,0.9744
grayscale,image_4.jpg,Raam,0.9491
grayscale,image_4.jpg,Raam,0.9681
grayscale,image_4.jpg,Raam,0.9828
grayscale,image_4.jpg,Zonnepaneel,0.9316
grayscale,image_4.jpg,Raam,0.9244
grayscale,image_4.jpg,Raam,0.9837
grayscale,image_4.jpg,Raam,0.0
grayscale,image_40.jpg,Deur,0.989
grayscale,image_40.jpg,Deur,0.9673
grayscale,image_40.jpg,Raam,0.9358
grayscale,image_40.jpg,Raam,0.9831
grayscale,image_40.jpg,Raam,0.993
grayscale,image_40.jpg,Raam,0.9825
grayscale,image_40.jpg,Raam,0.0
grayscale,image_401.jpg,Deur,0.9881
grayscale,image_401.jpg,Deur,0.9815
grayscale,image_401.jpg,Raam,0.9673
grayscale,image_401.jpg,Raam,0.9605
grayscale,image_401.jpg,Raam,0.983
grayscale,image_401.jpg,Raam,0.9073
grayscale,image_401.jpg,Raam,0.9515
grayscale,image_401.jpg,Raam,0.9634
grayscale,image_401.jpg,Deur,0.9892
grayscale,image_401.jpg,Raam,0.6038
grayscale,image_402.jpg,Raam,0.9807
grayscale,image_402.jpg,Raam,0.975
grayscale,image_402.jpg,Raam,0.9634
grayscale,image_402.jpg,Raam,0.8327
grayscale,image_402.jpg,Deur,0.9698
grayscale,image_402.jpg,Raam,0.9883
grayscale,image_402.jpg,Raam,0.0
grayscale,image_403.jpg,Raam,0.9854
grayscale,image_403.jpg,Raam,0.984
grayscale,image_403.jpg,Raam,0.9733
grayscale,image_403.jpg,Raam,0.9247
grayscale,image_403.jpg,Raam,0.9751
grayscale,image_403.jpg,Raam,0.9612
grayscale,image_403.jpg,Deur,0.0
grayscale,image_405.jpg,Deur,0.9844
grayscale,image_405.jpg,Raam,0.9916
grayscale,image_405.jpg,Raam,0.9566
grayscale,image_405.jpg,Raam,0.9871
grayscale,image_406.jpg,Raam,0.9469
grayscale,image_406.jpg,Raam,0.9665
grayscale,image_406.jpg,Deur,0.9782
grayscale,image_406.jpg,Zonnepaneel,0.8456
grayscale,image_406.jpg,Raam,0.0
grayscale,image_406.jpg,Raam,0.9949
grayscale,image_406.jpg,Raam,0.9268
grayscale,image_406.jpg,Raam,0.0
grayscale,image_407.jpg,Raam,0.9709
grayscale,image_407.jpg,Deur,0.0
grayscale,image_407.jpg,Raam,0.962
grayscale,image_407.jpg,Raam,0.0
grayscale,image_407.jpg,Raam,0.9346
grayscale,image_407.jpg,Raam,0.9708
grayscale,image_407.jpg,Raam,0.0
grayscale,image_407.jpg,Deur,0.0
grayscale,image_408.jpg,Deur,0.9789
grayscale,image_408.jpg,Raam,0.9912
grayscale,image_408.jpg,Raam,0.9793
grayscale,image_408.jpg,Raam,0.9795
grayscale,image_41.jpg,Raam,0.9685
grayscale,image_41.jpg,Deur,0.9818
grayscale,image_41.jpg,Raam,0.9105
grayscale,image_41.jpg,Raam,0.9817
grayscale,image_41.jpg,Raam,0.9158
grayscale,image_41.jpg,Raam,0.9643
grayscale,image_41.jpg,Raam,0.9412
grayscale,image_41.jpg,Raam,0.819
grayscale,image_410.jpg,Raam,0.9824
grayscale,image_410.jpg,Raam,0.9845
grayscale,image_410.jpg,Raam,0.9616
grayscale,image_410.jpg,Raam,0.9727
grayscale,image_410.jpg,Raam,0.0
grayscale,image_410.jpg,Raam,0.9898
grayscale,image_410.jpg,Deur,0.9887
grayscale,image_410.jpg,Raam,0.9929
grayscale,image_410.jpg,Deur,0.9401
grayscale,image_410.jpg,Raam,0.9748
grayscale,image_410.jpg,Raam,0.9781
grayscale,image_410.jpg,Raam,0.0
grayscale,image_410.jpg,Raam,0.4307
grayscale,image_410.jpg,Raam,0.9509
grayscale,image_410.jpg,Deur,0.4541
grayscale,image_411.jpg,Raam,0.0
grayscale,image_411.jpg,Deur,0.9829
grayscale,image_411.jpg,Raam,0.9661
grayscale,image_411.jpg,Raam,0.8923
grayscale,image_414.jpg,Zonnepaneel,0.9655
grayscale,image_414.jpg,Raam,0.9041
grayscale,image_414.jpg,Raam,0.981
grayscale,image_415.jpg,Raam,0.9929
grayscale,image_415.jpg,Raam,0.9884
grayscale,image_415.jpg,Raam,0.9934
grayscale,image_415.jpg,Deur,0.0
grayscale,image_416.jpg,Deur,0.9804
grayscale,image_416.jpg,Deur,0.9256
grayscale,image_416.jpg,Raam,0.6496
grayscale,image_416.jpg,Raam,0.989
grayscale,image_416.jpg,Raam,0.5856
grayscale,image_417.jpg,Raam,0.9794
grayscale,image_417.jpg,Raam,0.9789
grayscale,image_417.jpg,Raam,0.9783
grayscale,image_417.jpg,Raam,0.0
grayscale,image_417.jpg,Raam,0.8549
grayscale,image_417.jpg,Raam,0.0
grayscale,image_418.jpg,Deur,0.9811
grayscale,image_418.jpg,Raam,0.9428
grayscale,image_418.jpg,Raam,0.9828
grayscale,image_418.jpg,Raam,0.9774
grayscale,image_418.jpg,Raam,0.982
grayscale,image_418.jpg,Raam,0.9945
grayscale,image_418.jpg,Raam,0.9636
grayscale,image_42.jpg,Raam,0.9548
grayscale,image_42.jpg,Raam,0.9672
grayscale,image_42.jpg,Raam,0.9681
grayscale,image_42.jpg,Raam,0.9935
grayscale,image_42.jpg,Raam,0.9642
grayscale,image_42.jpg,Raam,0.979
grayscale,image_42.jpg,Raam,0.0
grayscale,image_42.jpg,Raam,0.9778
grayscale,image_42.jpg,Raam,0.9685
grayscale,image_42.jpg,Raam,0.9497
grayscale,image_420.jpg,Deur,0.9544
grayscale,image_420.jpg,Raam,0.9865
grayscale,image_420.jpg,Raam,0.0
grayscale,image_420.jpg,Zonnepaneel,0.0
grayscale,image_420.jpg,Raam,0.9863
grayscale,image_420.jpg,Zonnepaneel,0.0
grayscale,image_421.jpg,Raam,0.9872
grayscale,image_421.jpg,Raam,0.9718
grayscale,image_421.jpg,Raam,0.9468
grayscale,image_423.jpg,Raam,0.9726
grayscale,image_423.jpg,Raam,0.9612
grayscale,image_423.jpg,Raam,0.9808
grayscale,image_423.jpg,Raam,0.9871
grayscale,image_423.jpg,Raam,0.9766
grayscale,image_423.jpg,Raam,0.9783
grayscale,image_423.jpg,Raam,0.9269
grayscale,image_423.jpg,Raam,0.9625
grayscale,image_424.jpg,Deur,0.9808
grayscale,image_424.jpg,Deur,0.9688
grayscale,image_424.jpg,Raam,0.9714
grayscale,image_424.jpg,Raam,0.9108
grayscale,image_424.jpg,Raam,0.9679
grayscale,image_424.jpg,Raam,0.9747
grayscale,image_424.jpg,Raam,0.9657
grayscale,image_424.jpg,Raam,0.8756
grayscale,image_424.jpg,Raam,0.9432
grayscale,image_425.jpg,Raam,0.9804
grayscale,image_425.jpg,Deur,0.9739
grayscale,image_425.jpg,Deur,0.0
grayscale,image_426.jpg,Raam,0.9037
grayscale,image_426.jpg,Deur,0.988
grayscale,image_426.jpg,Raam,0.9897
grayscale,image_427.jpg,Raam,0.95
grayscale,image_427.jpg,Raam,0.914
grayscale,image_427.jpg,Raam,0.8325
grayscale,image_428.jpg,Raam,0.9357
grayscale,image_428.jpg,Raam,0.0
grayscale,image_428.jpg,Deur,0.0
grayscale,image_428.jpg,Raam,0.945
grayscale,image_429.jpg,Raam,0.9784
grayscale,image_429.jpg,Raam,0.9811
grayscale,image_429.jpg,Raam,0.9322
grayscale,image_429.jpg,Raam,0.9868
grayscale,image_429.jpg,Raam,0.7638
grayscale,image_429.jpg,Raam,0.6371
grayscale,image_429.jpg,Raam,0.8432
grayscale,image_429.jpg,Raam,0.0
grayscale,image_429.jpg,Raam,0.9483
grayscale,image_429.jpg,Deur,0.0
grayscale,image_429.jpg,Raam,0.9263
grayscale,image_43.jpg,Raam,0.9889
grayscale,image_43.jpg,Raam,0.9707
grayscale,image_43.jpg,Raam,0.9768
grayscale,image_43.jpg,Deur,0.9852
grayscale,image_43.jpg,Raam,0.9723
grayscale,image_43.jpg,Raam,0.9445
grayscale,image_430.jpg,Raam,0.9754
grayscale,image_430.jpg,Zonnepaneel,0.9869
grayscale,image_431.jpg,Raam,0.9928
grayscale,image_431.jpg,Raam,0.9771
grayscale,image_431.jpg,Raam,0.9562
grayscale,image_431.jpg,Deur,0.9709
grayscale,image_431.jpg,Raam,0.9832
grayscale,image_431.jpg,Raam,0.9739
grayscale,image_431.jpg,Raam,0.6621
grayscale,image_431.jpg,Raam,0.8973
grayscale,image_431.jpg,Raam,0.9717
grayscale,image_431.jpg,Raam,0.9899
grayscale,image_431.jpg,Raam,0.9413
grayscale,image_431.jpg,Raam,0.96
grayscale,image_433.jpg,Raam,0.9915
grayscale,image_433.jpg,Raam,0.9847
grayscale,image_433.jpg,Raam,0.9889
grayscale,image_433.jpg,Deur,0.978
grayscale,image_433.jpg,Raam,0.9748
grayscale,image_434.jpg,Raam,0.9163
grayscale,image_434.jpg,Raam,0.9849
grayscale,image_435.jpg,Deur,0.9848
grayscale,image_435.jpg,Deur,0.9859
grayscale,image_436.jpg,Raam,0.9893
grayscale,image_436.jpg,Raam,0.9846
grayscale,image_436.jpg,Raam,0.9827
grayscale,image_436.jpg,Raam,0.9875
grayscale,image_436.jpg,Raam,0.9794
grayscale,image_436.jpg,Raam,0.9881
grayscale,image_436.jpg,Raam,0.9877
grayscale,image_437.jpg,Raam,0.0
grayscale,image_44.jpg,Raam,0.9676
grayscale,image_44.jpg,Raam,0.9818
grayscale,image_440.jpg,Deur,0.9366
grayscale,image_440.jpg,Raam,0.9952
grayscale,image_440.jpg,Raam,0.9861
grayscale,image_440.jpg,Raam,0.9709
grayscale,image_440.jpg,Raam,0.9829
grayscale,image_440.jpg,Raam,0.9042
grayscale,image_440.jpg,Raam,0.9654
grayscale,image_440.jpg,Deur,0.6602
grayscale,image_440.jpg,Raam,0.0
grayscale,image_440.jpg,Raam,0.9351
grayscale,image_442.jpg,Raam,0.993
grayscale,image_442.jpg,Raam,0.9777
grayscale,image_442.jpg,Raam,0.9634
grayscale,image_442.jpg,Raam,0.9686
grayscale,image_442.jpg,Raam,0.9798
grayscale,image_442.jpg,Raam,0.9902
grayscale,image_442.jpg,Raam,0.9868
grayscale,image_442.jpg,Raam,0.9784
grayscale,image_442.jpg,Raam,0.0
grayscale,image_442.jpg,Raam,0.8073
grayscale,image_442.jpg,Deur,0.5543
grayscale,image_443.jpg,Raam,0.8876
grayscale,image_443.jpg,Raam,0.967
grayscale,image_443.jpg,Raam,0.9494
grayscale,image_443.jpg,Raam,0.0
grayscale,image_445.jpg,Raam,0.9715
grayscale,image_445.jpg,Raam,0.0
grayscale,image_446.jpg,Raam,0.9738
grayscale,image_446.jpg,Raam,0.9692
grayscale,image_446.jpg,Raam,0.9806
grayscale,image_446.jpg,Raam,0.0
grayscale,image_447.jpg,Deur,0.9827
grayscale,image_447.jpg,Deur,0.9592
grayscale,image_447.jpg,Raam,0.9286
grayscale,image_447.jpg,Raam,0.9265
grayscale,image_447.jpg,Raam,0.9919
grayscale,image_447.jpg,Raam,0.9291
grayscale,image_448.jpg,Raam,0.9479
grayscale,image_448.jpg,Raam,0.9051
grayscale,image_449.jpg,Raam,0.98
grayscale,image_449.jpg,Raam,0.9445
grayscale,image_449.jpg,Raam,0.9648
grayscale,image_45.jpg,Raam,0.9784
grayscale,image_45.jpg,Raam,0.9858
grayscale,image_45.jpg,Raam,0.8287
grayscale,image_450.jpg,Deur,0.9756
grayscale,image_452.jpg,Deur,0.9372
grayscale,image_452.jpg,Deur,0.9962
grayscale,image_453.jpg,Raam,0.9878
grayscale,image_453.jpg,Raam,0.959
grayscale,image_453.jpg,Raam,0.9213
grayscale,image_453.jpg,Raam,0.3543
grayscale,image_453.jpg,Raam,0.9637
grayscale,image_453.jpg,Raam,0.9226
grayscale,image_453.jpg,Zonnepaneel,0.9098
grayscale,image_453.jpg,Raam,0.9569
grayscale,image_455.jpg,Raam,0.8692
grayscale,image_455.jpg,Raam,0.9849
grayscale,image_455.jpg,Raam,0.9782
grayscale,image_455.jpg,Raam,0.0
grayscale,image_455.jpg,Deur,0.9735
grayscale,image_455.jpg,Raam,0.9669
grayscale,image_455.jpg,Raam,0.8257
grayscale,image_455.jpg,Raam,0.9124
grayscale,image_455.jpg,Raam,0.9624
grayscale,image_455.jpg,Raam,0.9281
grayscale,image_455.jpg,Raam,0.9773
grayscale,image_455.jpg,Deur,0.95
grayscale,image_455.jpg,Raam,0.9896
grayscale,image_455.jpg,Raam,0.9768
grayscale,image_455.jpg,Deur,0.9808
grayscale,image_455.jpg,Deur,0.9685
grayscale,image_455.jpg,Raam,0.0
grayscale,image_456.jpg,Raam,0.9687
grayscale,image_456.jpg,Deur,0.9774
grayscale,image_456.jpg,Deur,0.9683
grayscale,image_457.jpg,Zonnepaneel,0.9579
grayscale,image_457.jpg,Deur,0.0
grayscale,image_457.jpg,Zonnepaneel,0.0
grayscale,image_457.jpg,Raam,0.0
grayscale,image_457.jpg,Raam,0.9279
grayscale,image_457.jpg,Raam,0.976
grayscale,image_458.jpg,Deur,0.913
grayscale,image_458.jpg,Deur,0.9229
grayscale,image_459.jpg,Raam,0.9904
grayscale,image_459.jpg,Raam,0.9693
grayscale,image_459.jpg,Raam,0.0
grayscale,image_459.jpg,Deur,0.5753
grayscale,image_459.jpg,Raam,0.9658
grayscale,image_46.jpg,Deur,0.9834
grayscale,image_46.jpg,Raam,0.9771
grayscale,image_46.jpg,Deur,0.9499
grayscale,image_46.jpg,Raam,0.0
grayscale,image_46.jpg,Raam,0.9932
grayscale,image_461.jpg,Raam,0.9864
grayscale,image_461.jpg,Raam,0.977
grayscale,image_461.jpg,Raam,0.9864
grayscale,image_461.jpg,Raam,0.7138
grayscale,image_461.jpg,Raam,0.9634
grayscale,image_461.jpg,Raam,0.973
grayscale,image_461.jpg,Raam,0.4556
grayscale,image_462.jpg,Raam,0.9897
grayscale,image_462.jpg,Raam,0.9887
grayscale,image_462.jpg,Raam,0.9762
grayscale,image_462.jpg,Raam,0.9783
grayscale,image_463.jpg,Zonnepaneel,0.9951
grayscale,image_463.jpg,Zonnepaneel,0.9955
grayscale,image_463.jpg,Raam,0.9703
grayscale,image_463.jpg,Deur,0.9723
grayscale,image_465.jpg,Deur,0.9675
grayscale,image_465.jpg,Raam,0.9799
grayscale,image_465.jpg,Deur,0.967
grayscale,image_465.jpg,Raam,0.876
grayscale,image_465.jpg,Raam,0.9872
grayscale,image_466.jpg,Raam,0.9357
grayscale,image_466.jpg,Raam,0.9798
grayscale,image_466.jpg,Deur,0.9412
grayscale,image_467.jpg,Raam,0.9775
grayscale,image_467.jpg,Deur,0.9876
grayscale,image_467.jpg,Raam,0.9376
grayscale,image_467.jpg,Raam,0.9625
grayscale,image_467.jpg,Raam,0.9636
grayscale,image_469.jpg,Deur,0.9676
grayscale,image_469.jpg,Raam,0.9447
grayscale,image_469.jpg,Raam,0.0
grayscale,image_469.jpg,Raam,0.0
grayscale,image_469.jpg,Raam,0.978
grayscale,image_469.jpg,Raam,0.0
grayscale,image_47.jpg,Deur,0.9931
grayscale,image_47.jpg,Raam,0.9858
grayscale,image_47.jpg,Raam,0.9797
grayscale,image_47.jpg,Deur,0.9361
grayscale,image_470.jpg,Deur,0.978
grayscale,image_470.jpg,Raam,0.9515
grayscale,image_470.jpg,Raam,0.9544
grayscale,image_470.jpg,Raam,0.9886
grayscale,image_470.jpg,Raam,0.9487
grayscale,image_470.jpg,Raam,0.9647
grayscale,image_470.jpg,Raam,0.9866
grayscale,image_470.jpg,Raam,0.9811
grayscale,image_470.jpg,Raam,0.9643
grayscale,image_470.jpg,Deur,0.9697
grayscale,image_470.jpg,Raam,0.62
grayscale,image_470.jpg,Raam,0.9174
grayscale,image_471.jpg,Raam,0.972
grayscale,image_473.jpg,Raam,0.963
grayscale,image_473.jpg,Raam,0.9135
grayscale,image_473.jpg,Zonnepaneel,0.0
grayscale,image_473.jpg,Deur,0.9753
grayscale,image_477.jpg,Raam,0.9826
grayscale,image_477.jpg,Raam,0.9476
grayscale,image_477.jpg,Raam,0.9942
grayscale,image_477.jpg,Raam,0.9612
grayscale,image_477.jpg,Raam,0.9405
grayscale,image_477.jpg,Raam,0.0
grayscale,image_478.jpg,Raam,0.9256
grayscale,image_478.jpg,Raam,0.9728
grayscale,image_478.jpg,Raam,0.9713
grayscale,image_479.jpg,Raam,0.9348
grayscale,image_479.jpg,Raam,0.5549
grayscale,image_479.jpg,Raam,0.8974
grayscale,image_479.jpg,Raam,0.9583
grayscale,image_479.jpg,Raam,0.9681
grayscale,image_479.jpg,Deur,0.9596
grayscale,image_479.jpg,Zonnepaneel,0.8712
grayscale,image_479.jpg,Deur,0.6883
grayscale,image_48.jpg,Raam,0.9633
grayscale,image_48.jpg,Raam,0.9861
grayscale,image_48.jpg,Raam,0.9766
grayscale,image_48.jpg,Raam,0.9654
grayscale,image_48.jpg,Raam,0.9579
grayscale,image_48.jpg,Raam,0.979
grayscale,image_48.jpg,Deur,0.9871
grayscale,image_48.jpg,Deur,0.0
grayscale,image_48.jpg,Raam,0.9496
grayscale,image_48.jpg,Raam,0.9638
grayscale,image_48.jpg,Raam,0.9734
grayscale,image_480.jpg,Raam,0.9876
grayscale,image_480.jpg,Raam,0.8811
grayscale,image_480.jpg,Raam,0.9793
grayscale,image_480.jpg,Raam,0.9515
grayscale,image_480.jpg,Raam,0.9852
grayscale,image_480.jpg,Raam,0.8717
grayscale,image_480.jpg,Raam,0.9068
grayscale,image_480.jpg,Raam,0.9492
grayscale,image_480.jpg,Deur,0.9903
grayscale,image_480.jpg,Raam,0.9549
grayscale,image_481.jpg,Raam,0.981
grayscale,image_481.jpg,Raam,0.967
grayscale,image_481.jpg,Raam,0.9656
grayscale,image_481.jpg,Raam,0.9916
grayscale,image_482.jpg,Raam,0.9836
grayscale,image_482.jpg,Raam,0.9892
grayscale,image_482.jpg,Raam,0.9716
grayscale,image_483.jpg,Zonnepaneel,0.9762
grayscale,image_483.jpg,Zonnepaneel,0.9853
grayscale,image_483.jpg,Zonnepaneel,0.9281
grayscale,image_483.jpg,Deur,0.9686
grayscale,image_483.jpg,Raam,0.0
grayscale,image_484.jpg,Deur,0.9808
grayscale,image_484.jpg,Raam,0.9774
grayscale,image_484.jpg,Raam,0.9887
grayscale,image_484.jpg,Raam,0.9506
grayscale,image_484.jpg,Deur,0.9803
grayscale,image_484.jpg,Raam,0.9698
grayscale,image_484.jpg,Raam,0.9265
grayscale,image_484.jpg,Raam,0.9763
grayscale,image_484.jpg,Deur,0.8809
grayscale,image_484.jpg,Raam,0.9759
grayscale,image_485.jpg,Deur,0.968
grayscale,image_485.jpg,Raam,0.9043
grayscale,image_485.jpg,Deur,0.9631
grayscale,image_485.jpg,Raam,0.9567
grayscale,image_486.jpg,Raam,0.9918
grayscale,image_486.jpg,Raam,0.9859
grayscale,image_486.jpg,Raam,0.9859
grayscale,image_486.jpg,Deur,0.9785
grayscale,image_487.jpg,Raam,0.9712
grayscale,image_487.jpg,Deur,0.9841
grayscale,image_487.jpg,Deur,0.9681
grayscale,image_487.jpg,Raam,0.9744
grayscale,image_489.jpg,Deur,0.9467
grayscale,image_489.jpg,Deur,0.0
grayscale,image_489.jpg,Deur,0.9848
grayscale,image_49.jpg,Raam,0.874
grayscale,image_49.jpg,Raam,0.8227
grayscale,image_49.jpg,Raam,0.8845
grayscale,image_49.jpg,Raam,0.9869
grayscale,image_49.jpg,Raam,0.9667
grayscale,image_49.jpg,Raam,0.9567
grayscale,image_490.jpg,Raam,0.9954
grayscale,image_490.jpg,Raam,0.9894
grayscale,image_490.jpg,Raam,0.9768
grayscale,image_490.jpg,Raam,0.9888
grayscale,image_490.jpg,Raam,0.0
grayscale,image_490.jpg,Raam,0.0
grayscale,image_492.jpg,Raam,0.9705
grayscale,image_492.jpg,Raam,0.9435
grayscale,image_492.jpg,Raam,0.939
grayscale,image_492.jpg,Raam,0.8996
grayscale,image_492.jpg,Raam,0.8904
grayscale,image_493.jpg,Raam,0.9736
grayscale,image_493.jpg,Deur,0.9938
grayscale,image_493.jpg,Raam,0.985
grayscale,image_493.jpg,Raam,0.9752
grayscale,image_493.jpg,Raam,0.9805
grayscale,image_493.jpg,Raam,0.9569
grayscale,image_493.jpg,Raam,0.934
grayscale,image_493.jpg,Raam,0.9742
grayscale,image_493.jpg,Raam,0.4951
grayscale,image_494.jpg,Raam,0.0
grayscale,image_494.jpg,Raam,0.9832
grayscale,image_494.jpg,Deur,0.0
grayscale,image_495.jpg,Deur,0.9811
grayscale,image_495.jpg,Raam,0.9895
grayscale,image_495.jpg,Deur,0.9833
grayscale,image_495.jpg,Raam,0.937
grayscale,image_495.jpg,Raam,0.9248
grayscale,image_495.jpg,Raam,0.9564
grayscale,image_495.jpg,Raam,0.9488
grayscale,image_495.jpg,Raam,0.9732
grayscale,image_496.jpg,Raam,0.9899
grayscale,image_496.jpg,Deur,0.9829
grayscale,image_496.jpg,Raam,0.0
grayscale,image_496.jpg,Raam,0.9664
grayscale,image_496.jpg,Deur,0.9017
grayscale,image_496.jpg,Raam,0.986
grayscale,image_496.jpg,Raam,0.7629
grayscale,image_497.jpg,Deur,0.9727
grayscale,image_497.jpg,Raam,0.9929
grayscale,image_497.jpg,Raam,0.9964
grayscale,image_497.jpg,Deur,0.9869
grayscale,image_497.jpg,Raam,0.9639
grayscale,image_497.jpg,Raam,0.9543
grayscale,image_497.jpg,Raam,0.9782
grayscale,image_51.jpg,Raam,0.9481
grayscale,image_51.jpg,Deur,0.0
grayscale,image_51.jpg,Deur,0.0
grayscale,image_52.jpg,Raam,0.9946
grayscale,image_52.jpg,Deur,0.9559
grayscale,image_52.jpg,Raam,0.9668
grayscale,image_52.jpg,Deur,0.0
grayscale,image_52.jpg,Raam,0.0
grayscale,image_52.jpg,Raam,0.0
grayscale,image_52.jpg,Raam,0.0
grayscale,image_54.jpg,Raam,0.9692
grayscale,image_54.jpg,Raam,0.9632
grayscale,image_54.jpg,Deur,0.9512
grayscale,image_54.jpg,Raam,0.9594
grayscale,image_54.jpg,Raam,0.978
grayscale,image_54.jpg,Raam,0.0
grayscale,image_54.jpg,Raam,0.9851
grayscale,image_54.jpg,Raam,0.9864
grayscale,image_54.jpg,Deur,0.9598
grayscale,image_54.jpg,Raam,0.0
grayscale,image_56.jpg,Raam,0.9836
grayscale,image_56.jpg,Raam,0.9242
grayscale,image_56.jpg,Raam,0.9794
grayscale,image_56.jpg,Raam,0.9938
grayscale,image_56.jpg,Raam,0.9682
grayscale,image_56.jpg,Raam,0.0
grayscale,image_57.jpg,Raam,0.9881
grayscale,image_57.jpg,Raam,0.9794
grayscale,image_57.jpg,Raam,0.9957
grayscale,image_57.jpg,Raam,0.9797
grayscale,image_57.jpg,Raam,0.9814
grayscale,image_59.jpg,Deur,0.9727
grayscale,image_59.jpg,Deur,0.9534
grayscale,image_59.jpg,Raam,0.983
grayscale,image_59.jpg,Raam,0.9113
grayscale,image_59.jpg,Raam,0.9837
grayscale,image_59.jpg,Raam,0.9921
grayscale,image_59.jpg,Raam,0.9905
grayscale,image_59.jpg,Raam,0.9875
grayscale,image_59.jpg,Deur,0.9724
grayscale,image_60.jpg,Zonnepaneel,0.9654
grayscale,image_60.jpg,Zonnepaneel,0.7889
grayscale,image_60.jpg,Raam,0.9641
grayscale,image_60.jpg,Raam,0.9808
grayscale,image_61.jpg,Raam,0.9945
grayscale,image_61.jpg,Raam,0.9638
grayscale,image_61.jpg,Raam,0.9866
grayscale,image_61.jpg,Raam,0.9355
grayscale,image_61.jpg,Raam,0.9903
grayscale,image_61.jpg,Raam,0.9708
grayscale,image_62.jpg,Deur,0.9865
grayscale,image_62.jpg,Raam,0.9546
grayscale,image_62.jpg,Raam,0.9365
grayscale,image_62.jpg,Raam,0.9854
grayscale,image_62.jpg,Raam,0.929
grayscale,image_66.jpg,Raam,0.8698
grayscale,image_69.jpg,Deur,0.9547
grayscale,image_69.jpg,Deur,0.9536
grayscale,image_7.jpg,Raam,0.898
grayscale,image_7.jpg,Raam,0.9883
grayscale,image_7.jpg,Raam,0.9633
grayscale,image_7.jpg,Raam,0.9854
grayscale,image_71.jpg,Deur,0.9885
grayscale,image_71.jpg,Deur,0.0
grayscale,image_71.jpg,Raam,0.0
grayscale,image_71.jpg,Raam,0.9816
grayscale,image_71.jpg,Raam,0.9931
grayscale,image_71.jpg,Raam,0.9774
grayscale,image_72.jpg,Raam,0.9791
grayscale,image_72.jpg,Raam,0.9701
grayscale,image_72.jpg,Deur,0.9878
grayscale,image_72.jpg,Raam,0.9887
grayscale,image_72.jpg,Deur,0.9667
grayscale,image_72.jpg,Raam,0.9565
grayscale,image_72.jpg,Raam,0.0
grayscale,image_72.jpg,Deur,0.9495
grayscale,image_72.jpg,Raam,0.9874
grayscale,image_72.jpg,Raam,0.6556
grayscale,image_72.jpg,Deur,0.9715
grayscale,image_72.jpg,Raam,0.9871
grayscale,image_72.jpg,Raam,0.9806
grayscale,image_72.jpg,Raam,0.985
grayscale,image_72.jpg,Raam,0.0
grayscale,image_72.jpg,Raam,0.3947
grayscale,image_72.jpg,Raam,0.9807
grayscale,image_72.jpg,Deur,0.6899
grayscale,image_72.jpg,Raam,0.9523
grayscale,image_72.jpg,Deur,0.0
grayscale,image_73.jpg,Deur,0.9643
grayscale,image_73.jpg,Raam,0.0
grayscale,image_77.jpg,Deur,0.9771
grayscale,image_77.jpg,Raam,0.9336
grayscale,image_77.jpg,Raam,0.9826
grayscale,image_77.jpg,Raam,0.9569
grayscale,image_78.jpg,Zonnepaneel,0.9754
grayscale,image_78.jpg,Deur,0.9662
grayscale,image_78.jpg,Zonnepaneel,0.9856
grayscale,image_78.jpg,Raam,0.9936
grayscale,image_78.jpg,Zonnepaneel,0.9654
grayscale,image_78.jpg,Raam,0.9829
grayscale,image_78.jpg,Raam,0.9693
grayscale,image_78.jpg,Zonnepaneel,0.9603
grayscale,image_78.jpg,Zonnepaneel,0.9776
grayscale,image_78.jpg,Raam,0.9681
grayscale,image_78.jpg,Deur,0.9313
grayscale,image_78.jpg,Zonnepaneel,0.9677
grayscale,image_78.jpg,Zonnepaneel,0.9818
grayscale,image_78.jpg,Raam,0.799
grayscale,image_78.jpg,Raam,0.883
grayscale,image_78.jpg,Raam,0.9474
grayscale,image_78.jpg,Raam,0.9763
grayscale,image_78.jpg,Deur,0.9218
grayscale,image_78.jpg,Raam,0.911
grayscale,image_78.jpg,Raam,0.9276
grayscale,image_78.jpg,Raam,0.9485
grayscale,image_78.jpg,Raam,0.9384
grayscale,image_78.jpg,Raam,0.9752
grayscale,image_78.jpg,Deur,0.9236
grayscale,image_78.jpg,Zonnepaneel,0.8564
grayscale,image_78.jpg,Zonnepaneel,0.0
grayscale,image_78.jpg,Raam,0.909
grayscale,image_78.jpg,Zonnepaneel,0.0
grayscale,image_78.jpg,Zonnepaneel,0.0
grayscale,image_78.jpg,Zonnepaneel,0.9677
grayscale,image_78.jpg,Raam,0.4754
grayscale,image_78.jpg,Zonnepaneel,0.0
grayscale,image_78.jpg,Raam,0.5152
grayscale,image_78.jpg,Raam,0.0
grayscale,image_79.jpg,Raam,0.962
grayscale,image_79.jpg,Raam,0.9645
grayscale,image_79.jpg,Raam,0.9778
grayscale,image_79.jpg,Raam,0.9739
grayscale,image_79.jpg,Raam,0.9775
grayscale,image_79.jpg,Raam,0.9917
grayscale,image_79.jpg,Raam,0.9868
grayscale,image_79.jpg,Raam,0.9721
grayscale,image_79.jpg,Raam,0.9816
grayscale,image_79.jpg,Deur,0.9142
grayscale,image_79.jpg,Raam,0.9891
grayscale,image_79.jpg,Deur,0.9712
grayscale,image_79.jpg,Deur,0.951
grayscale,image_79.jpg,Deur,0.0
grayscale,image_79.jpg,Deur,0.931
grayscale,image_79.jpg,Deur,0.0
grayscale,image_8.jpg,Raam,0.9461
grayscale,image_8.jpg,Raam,0.9872
grayscale,image_8.jpg,Raam,0.9898
grayscale,image_8.jpg,Raam,0.9896
grayscale,image_8.jpg,Deur,0.9617
grayscale,image_8.jpg,Raam,0.9907
grayscale,image_8.jpg,Deur,0.9257
grayscale,image_8.jpg,Raam,0.9905
grayscale,image_8.jpg,Raam,0.9753
grayscale,image_8.jpg,Deur,0.9803
grayscale,image_8.jpg,Raam,0.975
grayscale,image_8.jpg,Raam,0.9785
grayscale,image_8.jpg,Raam,0.9806
grayscale,image_8.jpg,Raam,0.9881
grayscale,image_8.jpg,Raam,0.9834
grayscale,image_8.jpg,Raam,0.9873
grayscale,image_80.jpg,Raam,0.0
grayscale,image_82.jpg,Raam,0.9513
grayscale,image_82.jpg,Deur,0.9816
grayscale,image_82.jpg,Deur,0.9798
grayscale,image_85.jpg,Raam,0.9716
grayscale,image_85.jpg,Raam,0.9677
grayscale,image_85.jpg,Raam,0.9691
grayscale,image_85.jpg,Raam,0.9758
grayscale,image_85.jpg,Raam,0.9521
grayscale,image_85.jpg,Raam,0.9499
grayscale,image_85.jpg,Raam,0.9206
grayscale,image_85.jpg,Raam,0.0
grayscale,image_86.jpg,Raam,0.9734
grayscale,image_86.jpg,Deur,0.9809
grayscale,image_86.jpg,Raam,0.9774
grayscale,image_86.jpg,Deur,0.9876
grayscale,image_86.jpg,Raam,0.9239
grayscale,image_86.jpg,Raam,0.9702
grayscale,image_86.jpg,Raam,0.907
grayscale,image_86.jpg,Raam,0.9356
grayscale,image_87.jpg,Deur,0.9603
grayscale,image_87.jpg,Raam,0.9816
grayscale,image_87.jpg,Raam,0.8968
grayscale,image_87.jpg,Raam,0.9889
grayscale,image_87.jpg,Raam,0.9565
grayscale,image_88.jpg,Raam,0.9849
grayscale,image_88.jpg,Raam,0.9669
grayscale,image_9.jpg,Raam,0.9609
grayscale,image_9.jpg,Raam,0.9525
grayscale,image_9.jpg,Raam,0.9361
grayscale,image_9.jpg,Raam,0.9516
grayscale,image_9.jpg,Raam,0.9833
grayscale,image_9.jpg,Raam,0.984
grayscale,image_90.jpg,Raam,0.9926
grayscale,image_90.jpg,Raam,0.9292
grayscale,image_90.jpg,Raam,0.9871
grayscale,image_90.jpg,Raam,0.993
grayscale,image_90.jpg,Raam,0.9535
grayscale,image_90.jpg,Zonnepaneel,0.9751
grayscale,image_90.jpg,Zonnepaneel,0.9783
grayscale,image_90.jpg,Raam,0.9764
grayscale,image_90.jpg,Raam,0.9376
grayscale,image_90.jpg,Raam,0.6881
grayscale,image_90.jpg,Zonnepaneel,0.981
grayscale,image_90.jpg,Zonnepaneel,0.1923
grayscale,image_90.jpg,Raam,0.9641
grayscale,image_91.jpg,Raam,0.9854
grayscale,image_91.jpg,Raam,0.962
grayscale,image_91.jpg,Raam,0.9649
grayscale,image_91.jpg,Raam,0.9792
grayscale,image_91.jpg,Raam,0.9366
grayscale,image_91.jpg,Deur,0.9391
grayscale,image_91.jpg,Raam,0.813
grayscale,image_91.jpg,Raam,0.9904
grayscale,image_91.jpg,Deur,0.6703
grayscale,image_92.jpg,Raam,0.9665
grayscale,image_92.jpg,Raam,0.9772
grayscale,image_92.jpg,Raam,0.6459
grayscale,image_92.jpg,Raam,0.8322
grayscale,image_92.jpg,Raam,0.7815
grayscale,image_92.jpg,Deur,0.0
grayscale,image_92.jpg,Raam,0.9837
grayscale,image_92.jpg,Raam,0.0
grayscale,image_93.jpg,Deur,0.973
grayscale,image_93.jpg,Raam,0.9793
grayscale,image_93.jpg,Raam,0.9928
grayscale,image_93.jpg,Raam,0.9825
grayscale,image_93.jpg,Deur,0.9931
grayscale,image_93.jpg,Raam,0.9949
grayscale,image_93.jpg,Raam,0.9441
grayscale,image_93.jpg,Raam,0.9804
grayscale,image_93.jpg,Deur,0.989
grayscale,image_93.jpg,Raam,0.979
grayscale,image_93.jpg,Raam,0.9867
grayscale,image_93.jpg,Deur,0.9682
grayscale,image_93.jpg,Raam,0.8997
grayscale,image_93.jpg,Raam,0.0
grayscale,image_95.jpg,Deur,0.9765
grayscale,image_95.jpg,Raam,0.9382
grayscale,image_95.jpg,Raam,0.4486
grayscale,image_95.jpg,Raam,0.9706
grayscale,image_96.jpg,Raam,0.978
grayscale,image_96.jpg,Raam,0.986
grayscale,image_96.jpg,Deur,0.989
grayscale,image_96.jpg,Raam,0.9821
grayscale,image_96.jpg,Raam,0.9914
grayscale,image_96.jpg,Raam,0.9885
grayscale,image_96.jpg,Raam,0.9477
grayscale,image_96.jpg,Raam,0.3341
grayscale,image_97.jpg,Deur,0.9954
grayscale,image_97.jpg,Raam,0.8993
grayscale,image_97.jpg,Raam,0.0
grayscale,image_97.jpg,Deur,0.9557
grayscale,image_99.jpg,Raam,0.9892
grayscale,image_99.jpg,Raam,0.9922
grayscale,image_99.jpg,Raam,0.9696
grayscale,image_99.jpg,Raam,0.9771
grayscale,image_99.jpg,Raam,0.9862
grayscale,image_99.jpg,Raam,0.9736
grayscale,image_99.jpg,Raam,0.9538
grayscale,image_99.jpg,Deur,0.9854
grayscale,image_99.jpg,Raam,0.9434
